session_key,segment,label,local_start,utc_start,utc_end,stamp_ts,air_c,track_c,humidity_pct,wind_kmh,wind_dir_deg,rain,rain_frac,track_state,pure_weather,best_lap,best_lap_s,best_driver,source
7768,1,Q1,2023-03-04 18:23,2023-03-04T15:00:00Z,2023-03-04T15:25:23Z,1677954203,24.3,28.6,15.0,1.4,36,0,0.0,dry,15,1:30.993,90.993,SAI,timing
7768,2,Q2,2023-03-04 18:46,2023-03-04T15:33:00Z,2023-03-04T15:48:00Z,1677955560,23.7,27.7,21.0,1.4,299,0,0.0,dry,15,1:30.282,90.282,LEC,timing
7768,3,Q3,2023-03-04 19:06,2023-03-04T15:56:00Z,2023-03-04T16:08:00Z,1677956760,23.1,26.8,33.0,3.6,333,0,0.0,dry,15,1:29.708,89.708,VER,timing
7775,1,Q1,2023-03-18 20:16,2023-03-18T17:00:00Z,2023-03-18T17:18:00Z,1679170560,27.2,32.0,45.0,4.7,325,0,0.0,dry,17,1:28.761,88.761,VER,timing
7775,2,Q2,2023-03-18 20:38,2023-03-18T17:25:00Z,2023-03-18T17:40:00Z,1679171880,27.1,31.3,41.0,4.0,345,0,0.0,dry,17,1:28.635,88.635,PER,timing
7775,3,Q3,2023-03-18 20:58,2023-03-18T17:48:00Z,2023-03-18T18:00:00Z,1679173080,26.7,30.8,45.0,7.2,312,0,0.0,dry,17,1:28.265,88.265,PER,timing
7783,1,Q1,2023-04-01 15:23,2023-04-01T05:00:00Z,2023-04-01T05:25:44Z,1680362624,15.5,23.7,48.0,4.3,135,0,0.0,drying,19,1:17.384,77.384,VER,timing
7783,2,Q2,2023-04-01 15:46,2023-04-01T05:33:00Z,2023-04-01T05:48:00Z,1680363960,15.6,24.0,52.0,5.4,140,0,0.0,dry,19,1:17.056,77.056,VER,timing
7783,3,Q3,2023-04-01 16:06,2023-04-01T05:56:00Z,2023-04-01T06:08:00Z,1680365160,15.3,22.6,52.0,2.9,126,0,0.0,dry,19,1:16.732,76.732,VER,timing
9064,1,Q1,2023-04-28 17:42,2023-04-28T13:00:01Z,2023-04-28T13:44:33Z,1682703753,19.3,32.5,81.0,2.2,332,0,0.0,dry,16,1:41.269,101.269,LEC,timing
9064,2,Q2,2023-04-28 18:05,2023-04-28T13:52:01Z,2023-04-28T14:07:01Z,1682705101,19.5,30.1,81.0,2.2,303,0,0.0,dry,16,1:40.822,100.822,VER,timing
9064,3,Q3,2023-04-28 18:25,2023-04-28T14:15:01Z,2023-04-28T14:27:01Z,1682706301,19.4,29.1,83.0,2.2,124,0,0.0,dry,16,1:40.203,100.203,LEC,timing
9278,1,SQ1,2023-04-29 12:51,2023-04-29T08:30:01Z,2023-04-29T08:53:01Z,1682772661,24.5,47.8,69.0,2.9,37,0,0.0,dry,17,1:42.820,102.82,LEC,timing
9278,2,SQ2,2023-04-29 13:01,2023-04-29T08:53:01Z,2023-04-29T09:03:01Z,1682773261,24.5,49.5,67.0,2.9,338,0,0.0,dry,17,1:42.417,102.417,VER,timing
9278,3,SQ3,2023-04-29 13:16,2023-04-29T09:10:01Z,2023-04-29T09:18:01Z,1682774161,23.3,48.6,66.0,3.6,14,0,0.0,dry,17,1:41.697,101.697,LEC,timing
9074,1,Q1,2023-05-06 16:16,2023-05-06T20:00:01Z,2023-05-06T20:18:01Z,1683389761,28.5,42.5,60.0,14.0,146,0,0.0,dry,18,1:27.363,87.363,VER,timing
9074,2,Q2,2023-05-06 16:38,2023-05-06T20:25:01Z,2023-05-06T20:40:01Z,1683391081,28.5,42.6,60.0,12.2,151,0,0.0,dry,18,1:26.814,86.814,VER,timing
9074,3,Q3,2023-05-06 17:06,2023-05-06T20:48:01Z,2023-05-06T21:08:01Z,1683392761,28.1,41.2,60.0,15.8,140,0,0.0,dry,18,1:26.841,86.841,PER,timing
9090,1,Q1,2023-05-27 16:26,2023-05-27T14:00:00Z,2023-05-27T14:28:12Z,1685204772,25.9,46.2,32.0,3.6,169,0,0.0,dry,17,1:12.386,72.386,VER,timing
9090,2,Q2,2023-05-27 16:49,2023-05-27T14:36:00Z,2023-05-27T14:51:00Z,1685206140,26.0,45.1,33.0,2.2,281,0,0.0,dry,17,1:11.908,71.908,VER,timing
9090,3,Q3,2023-05-27 17:09,2023-05-27T14:59:00Z,2023-05-27T15:11:00Z,1685207340,25.1,44.5,34.0,2.2,274,0,0.0,dry,17,1:11.365,71.365,VER,timing
9098,1,Q1,2023-06-03 16:24,2023-06-03T14:00:00Z,2023-06-03T14:26:13Z,1685809453,20.5,24.7,74.0,9.7,42,0,0.0,damp,19,1:12.937,72.937,HAM,timing
9098,2,Q2,2023-06-03 16:47,2023-06-03T14:34:00Z,2023-06-03T14:49:00Z,1685810820,21.0,25.4,69.0,8.6,39,1,0.4,rain,6,1:12.760,72.76,VER,timing
9098,3,Q3,2023-06-03 17:07,2023-06-03T14:57:00Z,2023-06-03T15:09:00Z,1685812020,21.4,25.8,68.0,3.6,49,0,0.0,damp,19,1:12.272,72.272,VER,timing
9106,1,Q1,2023-06-17 16:22,2023-06-17T20:00:00Z,2023-06-17T20:24:33Z,1687018953,16.7,18.8,87.0,10.8,342,0,0.0,wet,19,1:20.851,80.851,VER,timing
9106,2,Q2,2023-06-17 16:45,2023-06-17T20:32:00Z,2023-06-17T20:47:00Z,1687020300,16.7,18.4,86.0,9.7,340,1,1.0,rain,6,1:18.725,78.725,ALB,timing
9106,3,Q3,2023-06-17 17:12,2023-06-17T20:55:00Z,2023-06-17T21:14:11Z,1687021931,16.0,18.0,91.0,10.8,332,1,1.0,rain,7,1:25.858,85.858,VER,timing
9112,1,Q1,2023-06-30 17:21,2023-06-30T15:00:00Z,2023-06-30T15:23:49Z,1688145709,26.8,39.6,40.0,5.4,84,0,0.0,dry,19,1:05.116,65.116,VER,timing
9112,2,Q2,2023-06-30 17:44,2023-06-30T15:31:00Z,2023-06-30T15:46:00Z,1688147040,26.1,37.8,45.0,2.9,128,0,0.0,dry,19,1:04.951,64.951,VER,timing
9112,3,Q3,2023-06-30 18:04,2023-06-30T15:54:00Z,2023-06-30T16:06:00Z,1688148240,25.9,36.9,46.0,2.2,108,0,0.0,dry,19,1:04.391,64.391,VER,timing
9282,1,SQ1,2023-07-01 12:10,2023-07-01T10:00:00Z,2023-07-01T10:12:00Z,1688213400,17.2,23.1,80.0,6.1,78,0,0.0,dry,19,1:06.187,66.187,SAI,timing
9282,2,SQ2,2023-07-01 12:27,2023-07-01T10:19:00Z,2023-07-01T10:29:00Z,1688214420,17.4,24.1,80.0,4.0,71,0,0.0,dry,19,1:05.371,65.371,VER,timing
9282,3,SQ3,2023-07-01 12:42,2023-07-01T10:36:00Z,2023-07-01T10:44:00Z,1688215320,17.5,23.7,79.0,2.2,95,0,0.0,dry,19,1:04.440,64.44,VER,timing
9122,1,Q1,2023-07-08 15:26,2023-07-08T14:00:00Z,2023-07-08T14:28:11Z,1688829971,20.8,21.9,81.0,9.0,202,0,0.2,wet,19,1:28.917,88.917,NOR,timing
9122,2,Q2,2023-07-08 15:53,2023-07-08T14:40:00Z,2023-07-08T14:55:00Z,1688831580,21.9,24.9,77.0,12.2,200,0,0.2,wet,19,1:27.702,87.702,VER,timing
9122,3,Q3,2023-07-08 16:13,2023-07-08T15:03:00Z,2023-07-08T15:15:00Z,1688832780,22.6,26.3,72.0,6.1,246,0,0.0,damp,19,1:26.720,86.72,VER,timing
9129,1,Q1,2023-07-22 16:16,2023-07-22T14:00:00Z,2023-07-22T14:18:00Z,1690042560,26.5,44.3,35.0,4.7,255,0,0.0,dry,19,1:18.143,78.143,ZHO,timing
9129,2,Q2,2023-07-22 16:38,2023-07-22T14:25:00Z,2023-07-22T14:40:00Z,1690043880,26.3,43.0,35.0,9.0,277,0,0.0,dry,19,1:17.296,77.296,VER,timing
9129,3,Q3,2023-07-22 16:58,2023-07-22T14:48:00Z,2023-07-22T15:00:00Z,1690045080,26.2,43.1,33.0,9.0,287,0,0.0,dry,19,1:16.609,76.609,HAM,timing
9135,1,Q1,2023-07-28 17:26,2023-07-28T15:10:00Z,2023-07-28T15:28:00Z,1690565160,19.3,24.5,89.0,6.5,137,0,0.0,drying,19,1:58.300,118.3,LEC,timing
9135,2,Q2,2023-07-28 17:48,2023-07-28T15:35:00Z,2023-07-28T15:50:00Z,1690566480,19.9,23.6,88.0,4.3,147,0,0.0,dry,19,1:51.534,111.534,PIA,timing
9135,3,Q3,2023-07-28 18:13,2023-07-28T16:03:00Z,2023-07-28T16:15:00Z,1690567980,20.1,23.5,85.0,4.7,158,0,0.0,dry,19,1:46.168,106.168,VER,timing
9286,1,SQ1,2023-07-29 12:45,2023-07-29T10:35:00Z,2023-07-29T10:47:00Z,1690634700,16.7,22.1,92.0,7.9,134,0,0.0,wet,19,1:58.135,118.135,VER,timing
9286,2,SQ2,2023-07-29 13:13,2023-07-29T10:54:00Z,2023-07-29T11:15:00Z,1690636380,18.2,26.6,85.0,7.2,129,0,0.0,drying,19,1:55.200,115.2,VER,timing
9286,3,SQ3,2023-07-29 13:21,2023-07-29T11:15:00Z,2023-07-29T11:23:00Z,1690636860,18.4,25.9,84.0,7.2,132,0,0.0,dry,18,1:49.056,109.056,VER,timing
9145,0,,,2023-08-26T13:00:00+00:00,,,,,,,,,,,,,,,timing
9145,2,Q2,2023-08-26 15:38,2023-08-26T13:25:00Z,2023-08-26T13:40:00Z,1693064280,17.9,23.1,80.0,7.2,166,0,0.2,wet,17,1:18.856,78.856,VER,timing
9145,3,Q3,2023-08-26 16:23,2023-08-26T13:48:00Z,2023-08-26T14:25:05Z,1693066985,18.9,23.6,71.0,8.6,204,0,0.0,drying,17,1:10.567,70.567,VER,timing
9153,1,Q1,2023-09-02 16:16,2023-09-02T14:00:00Z,2023-09-02T14:18:00Z,1693671360,28.2,40.6,40.0,4.0,169,0,0.0,dry,17,1:21.573,81.573,VER,timing
9153,2,Q2,2023-09-02 16:38,2023-09-02T14:25:00Z,2023-09-02T14:40:00Z,1693672680,28.4,39.3,42.0,5.4,159,0,0.0,dry,17,1:20.937,80.937,VER,timing
9153,3,Q3,2023-09-02 16:58,2023-09-02T14:48:00Z,2023-09-02T15:00:00Z,1693673880,28.0,39.1,41.0,5.8,162,0,0.0,dry,17,1:20.294,80.294,SAI,timing
9161,1,Q1,2023-09-16 21:16,2023-09-16T13:00:00Z,2023-09-16T13:18:00Z,1694898960,29.8,34.3,76.0,6.5,177,0,0.0,dry,19,1:31.991,91.991,TSU,timing
9161,2,Q2,2023-09-16 22:06,2023-09-16T13:53:00Z,2023-09-16T14:08:00Z,1694901960,29.5,34.0,78.0,6.5,184,0,0.0,dry,19,1:31.439,91.439,SAI,timing
9161,3,Q3,2023-09-16 22:26,2023-09-16T14:16:00Z,2023-09-16T14:28:01Z,1694903161,29.4,33.8,78.0,5.4,179,0,0.0,dry,19,1:30.984,90.984,SAI,timing
9169,1,Q1,2023-09-23 15:29,2023-09-23T06:22:00Z,2023-09-23T06:31:05Z,1695482945,25.5,36.9,48.0,13.3,277,0,0.0,dry,19,1:30.393,90.393,LEC,timing
9169,2,Q2,2023-09-23 15:52,2023-09-23T06:39:00Z,2023-09-23T06:54:00Z,1695484320,25.5,35.8,49.0,15.5,282,0,0.0,dry,19,1:29.940,89.94,LEC,timing
9169,3,Q3,2023-09-23 16:12,2023-09-23T07:02:00Z,2023-09-23T07:14:00Z,1695485520,25.6,34.1,47.0,12.2,278,0,0.0,dry,19,1:28.877,88.877,VER,timing
9215,1,Q1,2023-10-06 20:16,2023-10-06T17:00:00Z,2023-10-06T17:18:01Z,1696623361,31.5,34.6,55.0,11.5,327,0,0.0,dry,15,1:25.007,85.007,VER,timing
9215,2,Q2,2023-10-06 20:38,2023-10-06T17:25:00Z,2023-10-06T17:40:00Z,1696624680,31.3,34.2,57.0,12.2,322,0,0.0,dry,15,1:24.381,84.381,HAM,timing
9215,3,Q3,2023-10-06 20:58,2023-10-06T17:48:00Z,2023-10-06T18:00:00Z,1696625880,31.3,34.0,57.0,10.4,321,0,0.0,dry,15,1:23.778,83.778,VER,timing
9298,0,,,2023-10-07T13:00:00+00:00,,,,,,,,,,,,,,,timing
9298,2,SQ2,2023-10-07 16:47,2023-10-07T13:39:00Z,2023-10-07T13:49:00Z,1696697220,35.3,42.0,38.0,7.2,305,0,0.0,dry,15,1:24.947,84.947,NOR,timing
9298,3,SQ3,2023-10-07 17:02,2023-10-07T13:56:00Z,2023-10-07T14:04:00Z,1696698120,34.9,41.1,39.0,13.3,307,0,0.0,dry,15,1:24.454,84.454,PIA,timing
9207,1,Q1,2023-10-20 16:16,2023-10-20T21:00:00Z,2023-10-20T21:18:00Z,1697818560,35.6,42.0,12.0,6.1,287,0,0.0,dry,15,1:35.091,95.091,HAM,timing
9207,2,Q2,2023-10-20 16:38,2023-10-20T21:25:00Z,2023-10-20T21:40:00Z,1697819880,35.6,41.1,13.0,5.8,266,0,0.0,dry,15,1:35.004,95.004,LEC,timing
9207,3,Q3,2023-10-20 16:58,2023-10-20T21:48:00Z,2023-10-20T22:00:00Z,1697821080,35.5,40.1,13.0,7.9,288,0,0.0,dry,15,1:34.718,94.718,VER,timing
9294,1,SQ1,2023-10-21 12:40,2023-10-21T17:30:00Z,2023-10-21T17:42:00Z,1697892000,32.5,38.8,23.0,5.8,315,0,0.0,dry,19,1:35.997,95.997,VER,timing
9294,2,SQ2,2023-10-21 12:57,2023-10-21T17:49:00Z,2023-10-21T17:59:00Z,1697893020,32.3,38.3,24.0,6.5,95,0,0.0,dry,19,1:35.181,95.181,VER,timing
9294,3,SQ3,2023-10-21 13:12,2023-10-21T18:06:00Z,2023-10-21T18:14:00Z,1697893920,32.9,39.9,22.0,5.4,79,0,0.0,dry,19,1:34.538,94.538,VER,timing
9177,1,Q1,2023-10-28 15:16,2023-10-28T21:00:00Z,2023-10-28T21:18:00Z,1698506160,26.0,44.9,27.0,4.0,47,0,0.0,dry,18,1:18.099,78.099,VER,timing
9177,2,Q2,2023-10-28 15:38,2023-10-28T21:25:00Z,2023-10-28T21:40:00Z,1698507480,25.8,44.2,27.0,7.9,112,0,0.0,dry,18,1:17.571,77.571,HAM,timing
9177,3,Q3,2023-10-28 15:58,2023-10-28T21:48:00Z,2023-10-28T22:00:00Z,1698508680,25.9,40.8,27.0,4.0,327,0,0.0,dry,18,1:17.166,77.166,LEC,timing
9304,1,Q1,2023-11-03 15:31,2023-11-03T18:15:00Z,2023-11-03T18:33:00Z,1699025460,29.6,38.3,56.0,7.2,10,0,0.0,dry,19,1:10.340,70.34,RUS,timing
9304,2,Q2,2023-11-03 15:53,2023-11-03T18:40:00Z,2023-11-03T18:55:00Z,1699026780,28.5,35.7,61.0,6.1,26,0,0.0,dry,19,1:10.021,70.021,NOR,timing
9304,3,Q3,2023-11-03 16:21,2023-11-03T19:03:00Z,2023-11-03T19:23:00Z,1699028460,28.4,35.3,62.0,5.4,160,1,0.4,rain,6,1:10.727,70.727,VER,timing
9308,1,SQ1,2023-11-04 11:38,2023-11-04T14:00:00Z,2023-11-04T14:40:00Z,1699097880,25.4,50.3,44.0,9.0,33,0,0.0,dry,16,1:11.796,71.796,SAI,timing
9308,2,SQ2,2023-11-04 11:48,2023-11-04T14:40:00Z,2023-11-04T14:50:00Z,1699098480,25.3,51.9,45.0,10.8,23,0,0.0,dry,16,1:11.221,71.221,NOR,timing
9308,3,SQ3,2023-11-04 12:03,2023-11-04T14:57:00Z,2023-11-04T15:05:00Z,1699099380,25.5,52.3,43.0,9.0,28,0,0.0,dry,16,1:10.622,70.622,NOR,timing
9314,1,Q1,2023-11-18 00:16,2023-11-18T08:00:00Z,2023-11-18T08:18:00Z,1700266560,15.4,17.0,60.0,4.3,215,0,0.0,dry,15,1:33.617,93.617,LEC,timing
9314,2,Q2,2023-11-18 00:38,2023-11-18T08:25:00Z,2023-11-18T08:40:00Z,1700267880,15.3,17.1,61.0,2.2,228,0,0.0,dry,15,1:32.775,92.775,LEC,timing
9314,3,Q3,2023-11-18 00:58,2023-11-18T08:48:00Z,2023-11-18T09:00:00Z,1700269080,15.2,16.8,61.0,0.0,323,0,0.0,dry,15,1:32.726,92.726,LEC,timing
9193,1,Q1,2023-11-25 18:16,2023-11-25T14:00:00Z,2023-11-25T14:18:00Z,1700936160,26.9,32.3,65.0,5.4,300,0,0.0,dry,15,1:24.160,84.16,VER,timing
9193,2,Q2,2023-11-25 18:38,2023-11-25T14:25:00Z,2023-11-25T14:40:00Z,1700937480,26.8,31.3,67.0,5.8,263,0,0.0,dry,15,1:23.740,83.74,VER,timing
9193,3,Q3,2023-11-25 18:58,2023-11-25T14:48:00Z,2023-11-25T15:00:00Z,1700938680,26.4,31.1,68.0,4.7,265,0,0.0,dry,15,1:23.445,83.445,VER,timing
9468,1,Q1,2024-03-01 19:16,2024-03-01T16:00:00Z,2024-03-01T16:18:00Z,1709320560,18.2,21.6,47.0,8.6,45,0,0.0,dry,15,1:29.909,89.909,SAI,timing
9468,2,Q2,2024-03-01 19:38,2024-03-01T16:25:00Z,2024-03-01T16:40:01Z,1709321881,18.0,21.2,46.0,6.8,62,0,0.0,dry,15,1:29.165,89.165,LEC,timing
9468,3,Q3,2024-03-01 19:58,2024-03-01T16:48:00Z,2024-03-01T17:00:01Z,1709323081,17.9,21.0,46.0,6.1,68,0,0.0,dry,15,1:29.179,89.179,VER,timing
9476,1,Q1,2024-03-08 20:16,2024-03-08T17:00:00Z,2024-03-08T17:18:00Z,1709928960,25.3,31.3,56.0,4.3,30,0,0.0,dry,15,1:28.171,88.171,VER,timing
9476,2,Q2,2024-03-08 20:42,2024-03-08T17:25:00Z,2024-03-08T17:44:59Z,1709930579,25.2,30.9,56.0,4.0,2,0,0.0,dry,15,1:28.033,88.033,VER,timing
9476,3,Q3,2024-03-08 21:03,2024-03-08T17:53:00Z,2024-03-08T18:05:00Z,1709931780,25.1,30.0,55.0,5.0,360,0,0.0,dry,15,1:27.472,87.472,VER,timing
9484,1,Q1,2024-03-23 16:16,2024-03-23T05:00:01Z,2024-03-23T05:18:00Z,1711210560,18.8,34.9,53.0,5.4,198,0,0.0,drying,17,1:16.731,76.731,SAI,timing
9484,2,Q2,2024-03-23 16:38,2024-03-23T05:25:01Z,2024-03-23T05:40:00Z,1711211880,18.8,34.4,54.0,4.7,152,0,0.0,dry,17,1:16.189,76.189,SAI,timing
9484,3,Q3,2024-03-23 16:58,2024-03-23T05:48:01Z,2024-03-23T06:00:01Z,1711213081,18.6,33.1,54.0,4.7,144,0,0.0,dry,17,1:15.915,75.915,VER,timing
9492,1,Q1,2024-04-06 15:16,2024-04-06T06:00:00Z,2024-04-06T06:18:00Z,1712416560,17.7,27.0,57.0,5.4,185,0,0.0,dry,19,1:28.866,88.866,VER,timing
9492,2,Q2,2024-04-06 15:38,2024-04-06T06:25:00Z,2024-04-06T06:40:00Z,1712417880,17.5,26.6,58.0,5.0,169,0,0.0,dry,19,1:28.740,88.74,VER,timing
9492,3,Q3,2024-04-06 15:58,2024-04-06T06:48:00Z,2024-04-06T07:00:00Z,1712419080,17.1,25.0,62.0,6.8,181,0,0.0,dry,19,1:28.197,88.197,VER,timing
9668,1,SQ1,2024-04-19 15:40,2024-04-19T07:30:00Z,2024-04-19T07:42:00Z,1713541200,20.0,28.4,35.0,2.9,114,0,0.0,dry,19,1:36.110,96.11,PER,timing
9668,2,SQ2,2024-04-19 16:02,2024-04-19T07:54:00Z,2024-04-19T08:04:00Z,1713542520,19.7,27.4,38.0,2.9,169,1,0.8,rain,7,1:35.606,95.606,VER,timing
9668,3,SQ3,2024-04-19 16:17,2024-04-19T08:11:00Z,2024-04-19T08:19:00Z,1713543420,17.9,23.6,55.0,1.8,80,1,1.0,rain,7,1:57.940,117.94,NOR,timing
9664,1,Q1,2024-04-20 15:16,2024-04-20T07:00:00Z,2024-04-20T07:18:00Z,1713626160,22.1,34.5,56.0,6.1,274,0,0.0,dry,19,1:34.742,94.742,VER,timing
9664,2,Q2,2024-04-20 15:49,2024-04-20T07:25:00Z,2024-04-20T07:51:44Z,1713628184,22.0,33.2,55.0,6.1,257,0,0.0,dry,19,1:33.794,93.794,VER,timing
9664,3,Q3,2024-04-20 16:10,2024-04-20T08:00:00Z,2024-04-20T08:12:00Z,1713629400,22.1,32.3,54.0,7.2,270,0,0.0,dry,19,1:33.660,93.66,VER,timing
9502,1,SQ1,2024-05-03 16:40,2024-05-03T20:30:00Z,2024-05-03T20:42:00Z,1714754400,28.5,46.6,59.0,9.4,153,0,0.0,dry,16,1:27.939,87.939,NOR,timing
9502,2,SQ2,2024-05-03 16:57,2024-05-03T20:49:01Z,2024-05-03T20:59:00Z,1714755420,28.3,43.5,60.0,13.3,166,0,0.0,dry,16,1:27.597,87.597,NOR,timing
9502,3,SQ3,2024-05-03 17:12,2024-05-03T21:06:00Z,2024-05-03T21:14:00Z,1714756320,28.5,45.6,60.0,11.5,164,0,0.0,dry,16,1:27.641,87.641,VER,timing
9498,1,Q1,2024-05-04 16:16,2024-05-04T20:00:00Z,2024-05-04T20:18:00Z,1714839360,29.2,48.4,53.0,10.8,158,0,0.0,dry,17,1:27.689,87.689,VER,timing
9498,2,Q2,2024-05-04 16:38,2024-05-04T20:25:01Z,2024-05-04T20:40:00Z,1714840680,29.2,46.4,56.0,11.2,151,0,0.0,dry,17,1:27.533,87.533,LEC,timing
9498,3,Q3,2024-05-04 16:58,2024-05-04T20:48:00Z,2024-05-04T21:00:00Z,1714841880,28.9,45.5,56.0,11.9,165,0,0.0,dry,17,1:27.241,87.241,VER,timing
9511,1,Q1,2024-05-18 16:16,2024-05-18T14:00:00Z,2024-05-18T14:18:00Z,1716048960,24.3,41.5,43.0,13.3,143,0,0.0,dry,17,1:15.762,75.762,VER,timing
9511,2,Q2,2024-05-18 16:38,2024-05-18T14:25:00Z,2024-05-18T14:40:00Z,1716050280,24.4,41.2,43.0,10.1,132,0,0.0,dry,17,1:15.176,75.176,VER,timing
9511,3,Q3,2024-05-18 16:58,2024-05-18T14:48:00Z,2024-05-18T15:00:00Z,1716051480,24.0,39.8,46.0,8.3,123,0,0.0,dry,17,1:14.746,74.746,VER,timing
9519,1,Q1,2024-05-25 16:16,2024-05-25T14:00:00Z,2024-05-25T14:18:00Z,1716653760,21.4,44.8,59.0,5.0,255,0,0.0,dry,16,1:11.492,71.492,RUS,timing
9519,2,Q2,2024-05-25 16:38,2024-05-25T14:25:00Z,2024-05-25T14:40:00Z,1716655080,20.9,43.1,61.0,2.5,319,0,0.0,dry,16,1:10.732,70.732,NOR,timing
9519,3,Q3,2024-05-25 16:58,2024-05-25T14:48:00Z,2024-05-25T15:00:00Z,1716656280,21.0,43.8,62.0,4.0,283,0,0.0,dry,16,1:10.270,70.27,LEC,timing
9527,1,Q1,2024-06-08 16:16,2024-06-08T20:00:00Z,2024-06-08T20:18:00Z,1717863360,20.2,30.9,71.0,6.1,173,0,0.0,dry,19,1:12.360,72.36,VER,timing
9527,2,Q2,2024-06-08 16:38,2024-06-08T20:25:00Z,2024-06-08T20:40:00Z,1717864680,20.8,30.3,63.0,7.6,179,0,0.0,wet,19,1:11.742,71.742,RUS,timing
9527,3,Q3,2024-06-08 16:58,2024-06-08T20:48:00Z,2024-06-08T21:00:00Z,1717865880,20.9,31.4,62.0,9.4,156,1,0.4,rain,6,1:12.000,72.0,RUS,timing
9535,1,Q1,2024-06-22 16:16,2024-06-22T14:00:00Z,2024-06-22T14:18:00Z,1719072960,24.1,36.9,68.0,5.4,258,0,0.0,dry,19,1:12.143,72.143,HAM,timing
9535,2,Q2,2024-06-22 16:38,2024-06-22T14:25:00Z,2024-06-22T14:40:00Z,1719074280,24.0,35.8,68.0,6.1,249,0,0.0,dry,19,1:11.653,71.653,VER,timing
9535,3,Q3,2024-06-22 16:58,2024-06-22T14:48:01Z,2024-06-22T15:00:00Z,1719075480,24.0,36.0,69.0,4.3,98,0,0.0,dry,19,1:11.383,71.383,NOR,timing
9545,0,,,2024-06-28T14:30:00+00:00,,,,,,,,,,,,,,,timing
9545,2,SQ2,2024-06-28 16:57,2024-06-28T14:49:00Z,2024-06-28T14:59:00Z,1719593820,27.9,43.7,41.0,2.5,143,0,0.0,dry,17,1:05.186,65.186,VER,timing
9545,3,SQ3,2024-06-28 17:12,2024-06-28T15:06:00Z,2024-06-28T15:14:00Z,1719594720,28.0,43.3,39.0,2.9,125,0,0.0,dry,17,1:04.686,64.686,VER,timing
9541,0,,,2024-06-29T14:00:00+00:00,,,,,,,,,,,,,,,timing
9541,2,Q2,2024-06-29 16:38,2024-06-29T14:25:00Z,2024-06-29T14:40:00Z,1719679080,31.4,45.7,38.0,3.2,342,0,0.0,dry,19,1:04.469,64.469,VER,timing
9541,3,Q3,2024-06-29 16:58,2024-06-29T14:48:00Z,2024-06-29T15:00:00Z,1719680280,31.0,43.8,39.0,6.5,316,0,0.0,dry,19,1:04.314,64.314,VER,timing
9554,1,Q1,2024-07-06 15:24,2024-07-06T14:00:00Z,2024-07-06T14:26:30Z,1720279470,13.6,20.1,71.0,5.4,264,0,0.0,dry,19,1:29.547,89.547,HAM,timing
9554,2,Q2,2024-07-06 15:47,2024-07-06T14:34:00Z,2024-07-06T14:49:00Z,1720280820,13.8,20.8,74.0,6.1,224,0,0.0,wet,19,1:26.559,86.559,NOR,timing
9554,3,Q3,2024-07-06 16:07,2024-07-06T14:57:00Z,2024-07-06T15:09:00Z,1720282020,14.4,21.7,70.0,5.4,234,0,0.0,damp,19,1:25.819,85.819,RUS,timing
9562,1,Q1,2024-07-20 16:26,2024-07-20T14:00:00Z,2024-07-20T14:28:45Z,1721492805,24.0,29.2,66.0,2.2,334,1,0.8,rain,7,1:17.050,77.05,RIC,timing
9562,2,Q2,2024-07-20 16:49,2024-07-20T14:36:00Z,2024-07-20T14:51:00Z,1721494140,24.5,30.8,58.0,2.5,326,0,0.2,wet,19,1:15.540,75.54,NOR,timing
9562,3,Q3,2024-07-20 17:21,2024-07-20T14:59:00Z,2024-07-20T15:23:13Z,1721496073,24.3,31.3,60.0,5.4,318,1,1.0,rain,7,1:15.227,75.227,NOR,timing
9570,1,Q1,2024-07-27 16:16,2024-07-27T14:00:00Z,2024-07-27T14:18:00Z,1722096960,18.0,22.2,93.0,3.2,176,0,0.0,dry,18,1:54.835,114.835,PIA,timing
9570,2,Q2,2024-07-27 16:38,2024-07-27T14:25:00Z,2024-07-27T14:40:00Z,1722098280,17.9,21.6,93.0,3.2,12,1,1.0,rain,7,1:53.837,113.837,VER,timing
9570,3,Q3,2024-07-27 16:58,2024-07-27T14:48:00Z,2024-07-27T15:00:00Z,1722099480,18.0,22.1,94.0,6.5,20,1,1.0,rain,7,1:53.159,113.159,VER,timing
9578,1,Q1,2024-08-24 15:16,2024-08-24T13:00:00Z,2024-08-24T13:18:00Z,1724512560,24.8,31.8,64.0,18.4,206,0,0.0,dry,18,1:11.006,71.006,PER,timing
9578,2,Q2,2024-08-24 15:38,2024-08-24T13:23:13Z,2024-08-24T13:40:00Z,1724513880,24.1,28.6,67.0,17.3,211,0,0.0,dry,18,1:10.496,70.496,NOR,timing
9578,3,Q3,2024-08-24 15:58,2024-08-24T13:48:00Z,2024-08-24T14:00:00Z,1724515080,24.4,28.5,67.0,11.5,208,0,0.0,dry,18,1:09.673,69.673,NOR,timing
9586,1,Q1,2024-08-31 16:16,2024-08-31T14:00:00Z,2024-08-31T14:18:00Z,1725120960,33.7,49.2,37.0,5.8,233,0,0.0,dry,19,1:19.911,79.911,NOR,timing
9586,2,Q2,2024-08-31 16:42,2024-08-31T14:29:00Z,2024-08-31T14:44:00Z,1725122520,33.7,48.0,36.0,4.3,244,0,0.0,dry,19,1:19.641,79.641,HAM,timing
9586,3,Q3,2024-08-31 17:02,2024-08-31T14:52:00Z,2024-08-31T15:04:00Z,1725123720,33.3,46.4,38.0,5.4,197,0,0.0,dry,19,1:19.327,79.327,NOR,timing
9594,1,Q1,2024-09-14 16:16,2024-09-14T12:00:00Z,2024-09-14T12:18:00Z,1726330560,27.3,37.7,38.0,4.7,61,0,0.0,dry,15,1:42.775,102.775,LEC,timing
9594,2,Q2,2024-09-14 16:38,2024-09-14T12:25:00Z,2024-09-14T12:40:00Z,1726331880,27.2,36.8,35.0,4.3,43,0,0.0,dry,15,1:42.042,102.042,VER,timing
9594,3,Q3,2024-09-14 16:58,2024-09-14T12:48:00Z,2024-09-14T13:00:00Z,1726333080,26.6,34.5,33.0,4.7,114,0,0.0,dry,15,1:41.365,101.365,LEC,timing
9602,1,Q1,2024-09-21 21:16,2024-09-21T13:00:00Z,2024-09-21T13:18:00Z,1726953360,29.5,32.2,79.0,5.0,187,0,0.0,dry,19,1:30.002,90.002,NOR,timing
9602,2,Q2,2024-09-21 21:38,2024-09-21T13:25:00Z,2024-09-21T13:40:00Z,1726954680,29.4,31.8,79.0,4.0,197,0,0.0,dry,19,1:29.640,89.64,PIA,timing
9602,3,Q3,2024-09-21 22:13,2024-09-21T13:48:00Z,2024-09-21T14:15:04Z,1726956784,29.2,31.1,80.0,5.4,198,0,0.0,dry,19,1:29.525,89.525,NOR,timing
9612,1,SQ1,2024-10-18 16:40,2024-10-18T21:30:00Z,2024-10-18T21:42:00Z,1729269600,27.9,35.0,40.0,9.7,152,0,0.0,dry,17,1:33.647,93.647,LEC,timing
9612,2,SQ2,2024-10-18 16:57,2024-10-18T21:49:00Z,2024-10-18T21:59:00Z,1729270620,27.7,34.5,43.0,14.4,154,0,0.0,dry,17,1:33.274,93.274,SAI,timing
9612,3,SQ3,2024-10-18 17:12,2024-10-18T22:06:00Z,2024-10-18T22:14:00Z,1729271520,27.9,34.6,43.0,13.3,155,0,0.0,dry,17,1:32.833,92.833,VER,timing
9608,1,Q1,2024-10-19 17:16,2024-10-19T22:00:00Z,2024-10-19T22:18:00Z,1729358160,28.9,39.7,37.0,3.6,164,0,0.0,dry,16,1:33.046,93.046,VER,timing
9608,2,Q2,2024-10-19 17:38,2024-10-19T22:25:00Z,2024-10-19T22:40:00Z,1729359480,28.6,37.8,38.0,8.3,177,0,0.0,dry,16,1:32.584,92.584,VER,timing
9608,3,Q3,2024-10-19 17:58,2024-10-19T22:48:00Z,2024-10-19T23:00:00Z,1729360680,28.2,36.2,38.0,7.9,175,0,0.0,dry,16,1:32.330,92.33,NOR,timing
9621,1,Q1,2024-10-26 15:16,2024-10-26T21:00:00Z,2024-10-26T21:18:00Z,1729955760,22.2,41.5,40.0,7.2,292,0,0.0,dry,17,1:16.505,76.505,NOR,timing
9621,2,Q2,2024-10-26 15:51,2024-10-26T21:25:00Z,2024-10-26T21:53:00Z,1729957860,21.6,36.0,41.0,4.3,245,0,0.0,dry,17,1:16.301,76.301,NOR,timing
9621,3,Q3,2024-10-26 16:03,2024-10-26T21:53:00Z,2024-10-26T22:05:00Z,1729958580,21.8,35.7,42.0,7.6,275,0,0.0,dry,17,1:15.946,75.946,SAI,timing
9631,1,SQ1,2024-11-01 15:40,2024-11-01T18:30:00Z,2024-11-01T18:42:00Z,1730475600,21.3,39.8,78.0,7.2,201,0,0.0,dry,19,1:09.477,69.477,NOR,timing
9631,2,SQ2,2024-11-01 15:57,2024-11-01T18:49:00Z,2024-11-01T18:59:00Z,1730476620,20.8,37.8,81.0,8.3,185,0,0.0,dry,19,1:09.063,69.063,NOR,timing
9631,3,SQ3,2024-11-01 16:12,2024-11-01T19:06:00Z,2024-11-01T19:14:00Z,1730477520,20.5,37.2,83.0,8.3,197,0,0.0,dry,19,1:08.899,68.899,PIA,timing
9627,1,Q1,2024-11-03 07:53,2024-11-03T10:30:00Z,2024-11-03T10:55:50Z,1730620430,19.9,22.6,92.0,4.3,19,1,1.0,rain,7,1:28.522,88.522,VER,timing
9627,2,Q2,2024-11-03 08:35,2024-11-03T11:03:00Z,2024-11-03T11:37:00Z,1730622900,20.4,23.6,94.0,2.2,225,1,0.8,rain,7,1:24.844,84.844,NOR,timing
9627,3,Q3,2024-11-03 09:09,2024-11-03T11:37:00Z,2024-11-03T12:11:31Z,1730624971,20.7,24.2,93.0,2.2,228,1,1.0,rain,7,1:23.405,83.405,NOR,timing
9640,1,Q1,2024-11-22 22:16,2024-11-23T06:00:00Z,2024-11-23T06:18:00Z,1732313760,12.6,14.4,25.0,4.7,218,0,0.0,dry,17,1:33.186,93.186,RUS,timing
9640,2,Q2,2024-11-22 22:38,2024-11-23T06:25:00Z,2024-11-23T06:40:00Z,1732315080,11.8,13.9,28.0,1.4,244,0,0.0,dry,17,1:32.567,92.567,HAM,timing
9640,3,Q3,2024-11-22 23:19,2024-11-23T07:09:00Z,2024-11-23T07:21:00Z,1732317540,11.7,13.6,26.0,2.2,244,0,0.0,dry,17,1:32.312,92.312,RUS,timing
9650,1,SQ1,2024-11-29 20:40,2024-11-29T17:30:00Z,2024-11-29T17:42:00Z,1732912800,18.4,21.9,64.0,4.3,359,0,0.0,dry,15,1:21.356,81.356,NOR,timing
9650,2,SQ2,2024-11-29 20:57,2024-11-29T17:49:00Z,2024-11-29T17:59:00Z,1732913820,18.2,21.6,65.0,4.7,18,0,0.0,dry,15,1:21.231,81.231,NOR,timing
9650,3,SQ3,2024-11-29 21:12,2024-11-29T18:06:00Z,2024-11-29T18:14:00Z,1732914720,17.9,21.3,66.0,5.0,357,0,0.0,dry,15,1:21.012,81.012,NOR,timing
9646,1,Q1,2024-11-30 21:16,2024-11-30T18:00:00Z,2024-11-30T18:18:00Z,1733001360,18.9,21.8,60.0,10.1,352,0,0.0,dry,15,1:21.241,81.241,RUS,timing
9646,2,Q2,2024-11-30 21:38,2024-11-30T18:25:00Z,2024-11-30T18:40:00Z,1733002680,18.7,21.5,59.0,7.6,3,0,0.0,dry,15,1:20.687,80.687,VER,timing
9646,3,Q3,2024-11-30 21:58,2024-11-30T18:48:00Z,2024-11-30T19:00:00Z,1733003880,18.5,21.5,59.0,6.1,6,0,0.0,dry,15,1:20.520,80.52,VER,timing
9658,1,Q1,2024-12-07 18:16,2024-12-07T14:00:00Z,2024-12-07T14:18:00Z,1733595360,25.9,29.9,66.0,5.0,283,0,0.0,dry,15,1:23.302,83.302,LEC,timing
9658,2,Q2,2024-12-07 18:41,2024-12-07T14:28:00Z,2024-12-07T14:43:00Z,1733596860,25.7,29.3,69.0,5.4,280,0,0.0,dry,15,1:22.980,82.98,LEC,timing
9658,3,Q3,2024-12-07 19:01,2024-12-07T14:51:00Z,2024-12-07T15:03:00Z,1733598060,25.7,29.0,63.0,4.7,307,0,0.0,dry,15,1:22.595,82.595,NOR,timing
9689,1,Q1,2025-03-15 16:16,2025-03-15T05:00:00Z,2025-03-15T05:18:00Z,1742055360,30.0,40.7,49.0,1.4,324,0,0.0,dry,19,1:15.912,75.912,NOR,timing
9689,2,Q2,2025-03-15 16:38,2025-03-15T05:25:00Z,2025-03-15T05:40:00Z,1742056680,29.0,41.5,47.0,1.4,110,0,0.0,dry,19,1:15.415,75.415,NOR,timing
9689,3,Q3,2025-03-15 16:58,2025-03-15T05:48:00Z,2025-03-15T06:00:00Z,1742057880,31.0,40.8,36.0,0.0,14,0,0.0,dry,19,1:15.096,75.096,NOR,timing
9989,1,SQ1,2025-03-21 15:40,2025-03-21T07:30:00Z,2025-03-21T07:42:00Z,1742571600,24.9,37.4,14.0,9.7,243,0,0.0,dry,15,1:31.212,91.212,HAM,timing
9989,2,SQ2,2025-03-21 15:57,2025-03-21T07:49:00Z,2025-03-21T07:59:00Z,1742572620,24.8,36.2,13.0,13.7,237,0,0.0,dry,15,1:31.174,91.174,NOR,timing
9989,3,SQ3,2025-03-21 16:12,2025-03-21T08:06:00Z,2025-03-21T08:14:00Z,1742573520,24.6,35.1,13.0,12.6,232,0,0.0,dry,15,1:30.849,90.849,HAM,timing
9994,1,Q1,2025-03-22 15:16,2025-03-22T07:00:00Z,2025-03-22T07:18:00Z,1742656560,26.4,39.6,14.0,10.4,264,0,0.0,dry,15,1:30.983,90.983,NOR,timing
9994,2,Q2,2025-03-22 15:38,2025-03-22T07:25:00Z,2025-03-22T07:40:00Z,1742657880,26.2,38.0,14.0,9.0,250,0,0.0,dry,15,1:30.787,90.787,NOR,timing
9994,3,Q3,2025-03-22 15:58,2025-03-22T07:48:00Z,2025-03-22T08:00:00Z,1742659080,26.0,36.6,15.0,8.3,253,0,0.0,dry,15,1:30.641,90.641,PIA,timing
10002,1,Q1,2025-04-05 15:16,2025-04-05T06:00:00Z,2025-04-05T06:18:00Z,1743866160,14.8,33.7,57.0,10.1,141,0,0.0,dry,19,1:27.687,87.687,PIA,timing
10002,2,Q2,2025-04-05 15:45,2025-04-05T06:25:00Z,2025-04-05T06:47:26Z,1743867926,14.6,30.8,60.0,13.3,146,0,0.0,dry,19,1:27.146,87.146,NOR,timing
10002,3,Q3,2025-04-05 16:06,2025-04-05T06:56:00Z,2025-04-05T07:08:00Z,1743869160,14.3,28.8,60.0,11.5,143,0,0.0,dry,19,1:26.983,86.983,VER,timing
10010,1,Q1,2025-04-12 19:16,2025-04-12T16:00:00Z,2025-04-12T16:18:00Z,1744485360,26.3,31.0,58.0,13.0,19,0,0.0,dry,15,1:31.107,91.107,NOR,timing
10010,2,Q2,2025-04-12 19:46,2025-04-12T16:25:00Z,2025-04-12T16:48:01Z,1744487161,26.3,30.9,57.0,12.6,25,0,0.0,dry,15,1:30.454,90.454,PIA,timing
10010,3,Q3,2025-04-12 20:07,2025-04-12T16:57:00Z,2025-04-12T17:09:00Z,1744488420,26.5,30.8,54.0,9.0,23,0,0.0,dry,15,1:29.841,89.841,PIA,timing
10018,1,Q1,2025-04-19 20:16,2025-04-19T17:00:00Z,2025-04-19T17:18:00Z,1745093760,28.9,37.2,64.0,1.8,243,0,0.0,dry,15,1:27.778,87.778,VER,timing
10018,2,Q2,2025-04-19 20:38,2025-04-19T17:25:01Z,2025-04-19T17:40:01Z,1745095081,29.1,36.7,61.0,2.9,257,0,0.0,dry,15,1:27.481,87.481,NOR,timing
10018,3,Q3,2025-04-19 21:07,2025-04-19T17:48:00Z,2025-04-19T18:09:32Z,1745096852,31.0,36.8,45.0,2.5,109,0,0.0,dry,15,1:27.294,87.294,VER,timing
10024,1,SQ1,2025-05-02 16:40,2025-05-02T20:30:00Z,2025-05-02T20:42:00Z,1746204000,28.5,48.2,46.0,7.6,113,0,0.0,dry,17,1:27.688,87.688,RUS,timing
10024,2,SQ2,2025-05-02 16:57,2025-05-02T20:49:00Z,2025-05-02T20:59:00Z,1746205020,28.4,45.9,47.0,7.9,101,0,0.0,dry,17,1:27.109,87.109,NOR,timing
10024,3,SQ3,2025-05-02 17:12,2025-05-02T21:06:00Z,2025-05-02T21:14:00Z,1746205920,28.0,44.1,48.0,10.4,124,0,0.0,dry,17,1:26.482,86.482,ANT,timing
10029,1,Q1,2025-05-03 16:31,2025-05-03T20:15:00Z,2025-05-03T20:33:00Z,1746289860,28.2,40.8,60.0,4.3,303,0,0.0,dry,18,1:26.870,86.87,VER,timing
10029,2,Q2,2025-05-03 16:53,2025-05-03T20:40:00Z,2025-05-03T20:55:00Z,1746291180,27.5,38.6,65.0,11.9,115,0,0.0,dry,18,1:26.269,86.269,PIA,timing
10029,3,Q3,2025-05-03 17:13,2025-05-03T21:03:00Z,2025-05-03T21:15:00Z,1746292380,27.8,38.6,65.0,11.5,116,0,0.0,dry,18,1:26.204,86.204,VER,timing
9983,1,Q1,2025-05-17 16:30,2025-05-17T14:00:00Z,2025-05-17T14:32:13Z,1747499413,22.9,37.0,32.0,6.1,295,0,0.0,dry,16,1:15.175,75.175,VER,timing
9983,2,Q2,2025-05-17 17:11,2025-05-17T14:58:00Z,2025-05-17T15:13:00Z,1747501860,23.3,39.4,28.0,9.4,305,0,0.0,dry,16,1:15.198,75.198,SAI,timing
9983,3,Q3,2025-05-17 17:31,2025-05-17T15:21:00Z,2025-05-17T15:33:01Z,1747503061,23.1,38.2,30.0,6.1,284,0,0.0,dry,16,1:14.670,74.67,PIA,timing
9975,1,Q1,2025-05-24 16:16,2025-05-24T14:00:00Z,2025-05-24T14:18:00Z,1748103360,21.4,41.3,58.0,2.5,218,0,0.0,dry,17,1:11.229,71.229,LEC,timing
9975,2,Q2,2025-05-24 16:52,2025-05-24T14:29:00Z,2025-05-24T14:54:08Z,1748105528,21.1,40.1,60.0,2.9,221,0,0.0,dry,17,1:10.570,70.57,NOR,timing
9975,3,Q3,2025-05-24 17:13,2025-05-24T15:03:00Z,2025-05-24T15:15:00Z,1748106780,21.0,37.3,62.0,2.5,51,0,0.0,dry,17,1:09.954,69.954,NOR,timing
9967,1,Q1,2025-05-31 16:16,2025-05-31T14:00:00Z,2025-05-31T14:18:00Z,1748708160,29.4,48.3,34.0,6.1,171,0,0.0,dry,17,1:12.551,72.551,PIA,timing
9967,2,Q2,2025-05-31 16:38,2025-05-31T14:25:00Z,2025-05-31T14:40:00Z,1748709480,29.3,47.8,38.0,4.3,189,0,0.0,dry,17,1:11.998,71.998,PIA,timing
9967,3,Q3,2025-05-31 16:58,2025-05-31T14:48:00Z,2025-05-31T15:00:00Z,1748710680,28.5,42.0,43.0,6.1,196,0,0.0,dry,17,1:11.546,71.546,PIA,timing
9959,1,Q1,2025-06-14 16:23,2025-06-14T20:20:00Z,2025-06-14T20:25:30Z,1749918210,21.4,43.4,30.0,7.9,27,0,0.0,dry,17,1:11.826,71.826,NOR,timing
9959,2,Q2,2025-06-14 16:46,2025-06-14T20:33:00Z,2025-06-14T20:48:00Z,1749919560,21.3,42.4,31.0,6.8,27,0,0.0,dry,17,1:11.570,71.57,RUS,timing
9959,3,Q3,2025-06-14 17:06,2025-06-14T20:56:00Z,2025-06-14T21:08:00Z,1749920760,21.3,41.3,31.0,7.9,4,0,0.0,dry,17,1:10.899,70.899,RUS,timing
9951,1,Q1,2025-06-28 16:21,2025-06-28T14:05:00Z,2025-06-28T14:23:26Z,1751127686,27.6,47.3,34.0,4.3,257,0,0.0,dry,16,1:04.672,64.672,NOR,timing
9951,2,Q2,2025-06-28 16:50,2025-06-28T14:30:00Z,2025-06-28T14:52:42Z,1751129442,28.1,47.4,33.0,5.0,268,0,0.0,dry,16,1:04.410,64.41,NOR,timing
9951,3,Q3,2025-06-28 17:11,2025-06-28T15:01:00Z,2025-06-28T15:13:00Z,1751130660,28.1,45.7,34.0,6.8,227,0,0.0,dry,16,1:03.971,63.971,NOR,timing
9943,1,Q1,2025-07-05 15:25,2025-07-05T14:00:00Z,2025-07-05T14:27:49Z,1751729149,19.6,26.3,77.0,14.8,204,0,0.0,dry,19,1:25.886,85.886,VER,timing
9943,2,Q2,2025-07-05 15:48,2025-07-05T14:35:00Z,2025-07-05T14:50:00Z,1751730480,20.7,28.4,70.0,14.8,239,0,0.0,dry,19,1:25.084,85.084,HAM,timing
9943,3,Q3,2025-07-05 16:08,2025-07-05T14:58:00Z,2025-07-05T15:10:00Z,1751731680,21.3,29.1,66.0,12.6,217,0,0.0,dry,19,1:24.892,84.892,VER,timing
9930,1,SQ1,2025-07-25 16:40,2025-07-25T14:30:00Z,2025-07-25T14:42:00Z,1753461600,22.9,39.7,55.0,11.5,331,0,0.0,dry,16,1:41.769,101.769,PIA,timing
9930,2,SQ2,2025-07-25 17:03,2025-07-25T14:55:00Z,2025-07-25T15:05:00Z,1753462980,22.5,37.7,62.0,7.2,328,0,0.0,dry,16,1:41.412,101.412,NOR,timing
9930,3,SQ3,2025-07-25 17:24,2025-07-25T15:18:00Z,2025-07-25T15:26:00Z,1753464240,22.0,36.4,64.0,9.7,308,0,0.0,dry,16,1:40.510,100.51,PIA,timing
9935,1,Q1,2025-07-26 16:16,2025-07-26T14:00:00Z,2025-07-26T14:18:00Z,1753546560,22.7,38.0,54.0,5.8,305,0,0.0,dry,18,1:41.010,101.01,NOR,timing
9935,2,Q2,2025-07-26 16:38,2025-07-26T14:25:00Z,2025-07-26T14:40:00Z,1753547880,22.5,37.3,55.0,4.3,332,0,0.0,dry,18,1:40.626,100.626,PIA,timing
9935,3,Q3,2025-07-26 16:58,2025-07-26T14:48:00Z,2025-07-26T15:00:00Z,1753549080,22.9,39.8,51.0,7.2,320,0,0.0,dry,18,1:40.562,100.562,NOR,timing
9924,1,Q1,2025-08-02 16:16,2025-08-02T14:00:00Z,2025-08-02T14:18:00Z,1754151360,28.7,43.3,35.0,7.6,136,0,0.0,dry,19,1:15.211,75.211,PIA,timing
9924,2,Q2,2025-08-02 16:40,2025-08-02T14:27:00Z,2025-08-02T14:42:00Z,1754152800,28.1,39.7,36.0,6.1,211,0,0.0,dry,19,1:14.890,74.89,NOR,timing
9924,3,Q3,2025-08-02 17:00,2025-08-02T14:50:00Z,2025-08-02T15:02:00Z,1754154000,25.8,36.1,47.0,10.8,269,0,0.0,dry,19,1:15.372,75.372,LEC,timing
9916,1,Q1,2025-08-30 15:16,2025-08-30T13:00:00Z,2025-08-30T13:18:00Z,1756566960,20.6,34.2,63.0,14.4,201,0,0.0,dry,17,1:09.338,69.338,PIA,timing
9916,2,Q2,2025-08-30 15:38,2025-08-30T13:25:00Z,2025-08-30T13:40:00Z,1756568280,20.7,34.2,66.0,16.9,215,0,0.0,dry,17,1:08.874,68.874,NOR,timing
9916,3,Q3,2025-08-30 15:58,2025-08-30T13:48:00Z,2025-08-30T14:00:00Z,1756569480,20.6,34.3,63.0,12.6,200,0,0.0,dry,17,1:08.662,68.662,PIA,timing
9908,1,Q1,2025-09-06 16:16,2025-09-06T14:00:00Z,2025-09-06T14:18:00Z,1757175360,26.7,43.0,36.0,6.8,182,0,0.0,dry,17,1:19.414,79.414,RUS,timing
9908,2,Q2,2025-09-06 16:40,2025-09-06T14:27:00Z,2025-09-06T14:42:00Z,1757176800,26.7,42.1,36.0,5.0,169,0,0.0,dry,17,1:19.140,79.14,VER,timing
9908,3,Q3,2025-09-06 17:00,2025-09-06T14:50:00Z,2025-09-06T15:02:00Z,1757178000,26.6,41.5,36.0,5.4,185,0,0.0,dry,17,1:18.792,78.792,VER,timing
9900,1,Q1,2025-09-20 16:32,2025-09-20T12:00:00Z,2025-09-20T12:34:36Z,1758385956,21.4,27.4,57.0,9.7,115,0,0.0,drying,18,,,,timing
9900,2,Q2,2025-09-20 17:07,2025-09-20T12:48:00Z,2025-09-20T13:09:54Z,1758388074,20.6,25.6,59.0,6.8,44,0,0.0,dry,18,,,,timing
9900,3,Q3,2025-09-20 17:55,2025-09-20T13:18:00Z,2025-09-20T13:57:41Z,1758390941,20.2,24.0,59.0,6.5,118,1,0.6,rain,6,,,,timing
9892,1,Q1,2025-10-04 21:16,2025-10-04T13:00:00Z,2025-10-04T13:18:00Z,1759612560,30.0,35.4,68.0,7.2,157,0,0.0,dry,19,1:29.765,89.765,HAM,timing
9892,2,Q2,2025-10-04 21:45,2025-10-04T13:31:06Z,2025-10-04T13:47:00Z,1759614300,29.8,34.8,70.0,6.1,158,0,0.0,dry,19,1:29.562,89.562,RUS,timing
9892,3,Q3,2025-10-04 22:05,2025-10-04T13:55:00Z,2025-10-04T14:07:00Z,1759615500,29.6,34.5,71.0,5.4,156,0,0.0,dry,19,1:29.158,89.158,RUS,timing
9879,1,SQ1,2025-10-17 16:40,2025-10-17T21:30:00Z,2025-10-17T21:42:00Z,1760719200,32.6,44.1,40.0,10.8,109,0,0.0,dry,16,1:33.224,93.224,NOR,timing
9879,2,SQ2,2025-10-17 16:57,2025-10-17T21:49:00Z,2025-10-17T21:59:00Z,1760720220,32.9,43.1,38.0,9.0,85,0,0.0,dry,16,1:33.033,93.033,NOR,timing
9879,3,SQ3,2025-10-17 17:12,2025-10-17T22:06:00Z,2025-10-17T22:14:00Z,1760721120,32.8,42.0,38.0,6.8,113,0,0.0,dry,16,1:32.143,92.143,VER,timing
9884,1,Q1,2025-10-18 16:26,2025-10-18T21:00:00Z,2025-10-18T21:28:51Z,1760804811,34.0,46.5,36.0,4.0,83,0,0.0,dry,18,1:33.207,93.207,VER,timing
9884,2,Q2,2025-10-18 16:49,2025-10-18T21:36:00Z,2025-10-18T21:51:00Z,1760806140,34.2,44.3,36.0,5.0,356,0,0.0,dry,18,1:32.701,92.701,VER,timing
9884,3,Q3,2025-10-18 17:09,2025-10-18T21:59:00Z,2025-10-18T22:11:00Z,1760807340,34.1,43.6,36.0,8.6,327,0,0.0,dry,18,1:32.510,92.51,VER,timing
9873,1,Q1,2025-10-25 15:16,2025-10-25T21:00:00Z,2025-10-25T21:18:00Z,1761405360,26.3,46.9,28.0,8.6,265,0,0.0,dry,15,1:16.733,76.733,HAD,timing
9873,2,Q2,2025-10-25 15:38,2025-10-25T21:25:00Z,2025-10-25T21:40:00Z,1761406680,26.3,45.5,27.0,8.3,264,0,0.0,dry,15,1:16.252,76.252,NOR,timing
9873,3,Q3,2025-10-25 15:58,2025-10-25T21:48:00Z,2025-10-25T22:00:00Z,1761407880,26.3,43.1,27.0,6.5,292,0,0.0,dry,15,1:15.586,75.586,NOR,timing
9860,1,SQ1,2025-11-07 15:40,2025-11-07T18:30:00Z,2025-11-07T18:42:00Z,1762530000,19.2,38.9,72.0,4.7,180,0,0.0,dry,19,1:09.627,69.627,NOR,timing
9860,2,SQ2,2025-11-07 15:57,2025-11-07T18:49:00Z,2025-11-07T18:59:00Z,1762531020,18.9,35.2,73.0,3.6,147,0,0.0,dry,19,1:09.330,69.33,ALO,timing
9860,3,SQ3,2025-11-07 16:12,2025-11-07T19:06:00Z,2025-11-07T19:14:00Z,1762531920,18.5,34.3,75.0,4.7,159,0,0.0,dry,19,1:09.243,69.243,NOR,timing
9865,1,Q1,2025-11-08 15:21,2025-11-08T18:05:00Z,2025-11-08T18:23:00Z,1762615260,26.0,41.2,56.0,3.6,34,0,0.0,dry,19,1:09.656,69.656,NOR,timing
9865,2,Q2,2025-11-08 15:43,2025-11-08T18:30:00Z,2025-11-08T18:45:00Z,1762616580,26.0,38.3,58.0,2.5,43,0,0.0,dry,19,1:09.616,69.616,NOR,timing
9865,3,Q3,2025-11-08 16:03,2025-11-08T18:53:00Z,2025-11-08T19:05:00Z,1762617780,26.1,36.3,55.0,2.5,22,0,0.0,dry,19,1:09.511,69.511,NOR,timing
9854,1,Q1,2025-11-21 20:16,2025-11-22T04:00:00Z,2025-11-22T04:18:00Z,1763756160,11.7,12.5,66.0,9.0,178,1,1.0,rain,7,1:53.144,113.144,RUS,timing
9854,2,Q2,2025-11-21 20:44,2025-11-22T04:31:00Z,2025-11-22T04:46:00Z,1763757840,11.8,12.5,64.0,5.8,197,0,0.0,wet,19,1:50.935,110.935,RUS,timing
9854,3,Q3,2025-11-21 21:04,2025-11-22T04:54:00Z,2025-11-22T05:06:00Z,1763759040,11.7,12.2,63.0,5.4,191,0,0.0,damp,19,1:47.934,107.934,NOR,timing
9841,1,SQ1,2025-11-28 20:40,2025-11-28T17:30:00Z,2025-11-28T17:42:00Z,1764362400,21.6,26.4,66.0,2.2,26,0,0.0,dry,15,1:21.172,81.172,VER,timing
9841,2,SQ2,2025-11-28 20:57,2025-11-28T17:49:00Z,2025-11-28T17:59:00Z,1764363420,21.6,26.2,69.0,3.2,352,0,0.0,dry,15,1:20.956,80.956,NOR,timing
9841,3,SQ3,2025-11-28 21:12,2025-11-28T18:06:00Z,2025-11-28T18:14:00Z,1764364320,21.5,26.0,70.0,2.9,3,0,0.0,dry,15,1:20.055,80.055,PIA,timing
9846,1,Q1,2025-11-29 21:16,2025-11-29T18:00:00Z,2025-11-29T18:18:00Z,1764450960,20.7,26.0,74.0,2.5,286,0,0.0,dry,15,1:20.074,80.074,RUS,timing
9846,2,Q2,2025-11-29 21:39,2025-11-29T18:26:00Z,2025-11-29T18:41:00Z,1764452340,20.5,25.6,74.0,2.9,292,0,0.0,dry,15,1:19.650,79.65,PIA,timing
9846,3,Q3,2025-11-29 22:03,2025-11-29T18:49:00Z,2025-11-29T19:05:27Z,1764453807,20.2,24.7,76.0,3.2,3,0,0.0,dry,15,1:19.387,79.387,PIA,timing
9835,1,Q1,2025-12-06 18:16,2025-12-06T14:00:00Z,2025-12-06T14:18:00Z,1765044960,25.2,29.1,77.0,2.9,337,0,0.0,dry,15,1:22.605,82.605,PIA,timing
9835,2,Q2,2025-12-06 18:38,2025-12-06T14:25:00Z,2025-12-06T14:40:00Z,1765046280,25.0,28.9,77.0,3.6,303,0,0.0,dry,15,1:22.730,82.73,RUS,timing
9835,3,Q3,2025-12-06 18:58,2025-12-06T14:48:00Z,2025-12-06T15:00:00Z,1765047480,25.0,28.6,78.0,2.9,286,0,0.0,dry,15,1:22.207,82.207,VER,timing
11230,1,Q1,2026-03-07 16:24,2026-03-07T05:00:00Z,2026-03-07T05:26:29Z,1772900669,20.3,34.7,66.4,10.1,87,0,0.0,dry,19,1:19.507,79.507,RUS,timing
11230,2,Q2,2026-03-07 16:47,2026-03-07T05:34:00Z,2026-03-07T05:49:00Z,1772902020,20.5,33.1,63.4,7.6,98,0,0.0,dry,19,1:18.934,78.934,RUS,timing
11230,3,Q3,2026-03-07 17:17,2026-03-07T05:59:00Z,2026-03-07T06:19:47Z,1772903867,20.4,31.6,60.6,9.0,103,0,0.0,dry,19,1:18.518,78.518,RUS,timing
11236,1,SQ1,2026-03-13 15:40,2026-03-13T07:30:00Z,2026-03-13T07:42:00Z,1773416400,16.7,28.7,22.4,4.3,77,0,0.0,dry,15,1:33.030,93.03,RUS,timing
11236,2,SQ2,2026-03-13 15:57,2026-03-13T07:49:00Z,2026-03-13T07:59:00Z,1773417420,16.8,27.8,23.3,4.3,64,0,0.0,dry,15,1:32.241,92.241,RUS,timing
11236,3,SQ3,2026-03-13 16:12,2026-03-13T08:06:00Z,2026-03-13T08:14:00Z,1773418320,15.8,25.8,34.0,9.7,82,0,0.0,dry,15,1:31.520,91.52,RUS,timing
11241,1,Q1,2026-03-14 15:16,2026-03-14T07:00:00Z,2026-03-14T07:18:00Z,1773501360,18.0,32.2,33.5,6.8,66,0,0.0,dry,15,1:33.175,93.175,LEC,timing
11241,2,Q2,2026-03-14 15:38,2026-03-14T07:25:00Z,2026-03-14T07:40:00Z,1773502680,17.8,29.8,34.7,14.0,45,0,0.0,dry,15,1:32.443,92.443,ANT,timing
11241,3,Q3,2026-03-14 15:58,2026-03-14T07:47:00Z,2026-03-14T08:00:00Z,1773503880,17.6,30.0,33.9,7.6,61,0,0.0,dry,15,1:32.064,92.064,ANT,timing
11249,1,Q1,2026-03-28 15:16,2026-03-28T06:00:00Z,2026-03-28T06:18:00Z,1774710960,16.6,30.2,48.8,7.9,136,0,0.0,dry,19,1:29.915,89.915,LEC,timing
11249,2,Q2,2026-03-28 15:38,2026-03-28T06:25:00Z,2026-03-28T06:40:00Z,1774712280,16.6,28.9,46.7,5.4,125,0,0.0,dry,19,1:29.048,89.048,ANT,timing
11249,3,Q3,2026-03-28 15:58,2026-03-28T06:47:00Z,2026-03-28T07:00:00Z,1774713480,16.5,27.2,54.2,5.8,115,0,0.0,dry,19,1:28.778,88.778,ANT,timing
11271,1,SQ1,2026-05-01 16:40,2026-05-01T20:30:00Z,2026-05-01T20:42:00Z,1777653600,30.7,53.0,52.4,11.5,85,0,0.0,dry,15,1:28.723,88.723,NOR,timing
11271,2,SQ2,2026-05-01 16:57,2026-05-01T20:49:00Z,2026-05-01T20:59:00Z,1777654620,30.8,51.8,52.7,11.5,107,0,0.0,dry,15,1:28.333,88.333,LEC,timing
11271,3,SQ3,2026-05-01 17:12,2026-05-01T21:06:00Z,2026-05-01T21:14:00Z,1777655520,30.1,49.6,55.7,14.4,111,0,0.0,dry,15,1:27.869,87.869,NOR,timing
11276,1,Q1,2026-05-02 16:16,2026-05-02T20:00:00Z,2026-05-02T20:18:00Z,1777738560,33.8,52.3,31.0,12.6,300,0,0.0,dry,18,1:28.653,88.653,ANT,timing
11276,2,Q2,2026-05-02 16:42,2026-05-02T20:29:00Z,2026-05-02T20:44:00Z,1777740120,34.1,50.8,29.6,14.0,292,0,0.0,dry,18,1:28.116,88.116,VER,timing
11276,3,Q3,2026-05-02 17:02,2026-05-02T20:51:00Z,2026-05-02T21:04:00Z,1777741320,34.0,50.2,29.1,13.7,301,0,0.0,dry,18,1:27.798,87.798,ANT,timing
11282,1,SQ1,2026-05-22 16:58,2026-05-22T20:30:00Z,2026-05-22T21:00:46Z,1779469126,19.9,41.7,25.1,3.6,154,0,0.0,dry,15,1:13.889,73.889,HAM,timing
11282,2,SQ2,2026-05-22 17:16,2026-05-22T21:08:00Z,2026-05-22T21:18:00Z,1779470160,20.0,40.7,24.4,1.4,99,0,0.0,dry,15,1:13.026,73.026,RUS,timing
11282,3,SQ3,2026-05-22 17:31,2026-05-22T21:25:00Z,2026-05-22T21:33:00Z,1779471060,20.1,40.2,24.4,4.0,167,0,0.0,dry,15,1:12.965,72.965,RUS,timing
11287,1,Q1,2026-05-23 16:16,2026-05-23T20:00:00Z,2026-05-23T20:18:00Z,1779552960,21.3,30.8,23.8,3.2,155,0,0.0,dry,19,1:13.380,73.38,ANT,timing
11287,2,Q2,2026-05-23 16:38,2026-05-23T20:25:00Z,2026-05-23T20:40:00Z,1779554280,21.3,30.8,24.7,4.0,303,0,0.0,wet,19,1:12.975,72.975,HAD,timing
11287,3,Q3,2026-05-23 16:58,2026-05-23T20:47:00Z,2026-05-23T21:00:00Z,1779555480,21.4,30.7,24.4,2.5,280,0,0.0,drying,19,1:12.578,72.578,RUS,timing
11295,1,Q1,2026-06-06 16:22,2026-06-06T14:00:00Z,2026-06-06T14:24:11Z,1780762931,23.9,38.3,55.0,2.2,182,0,0.0,dry,18,1:13.293,73.293,LEC,timing
11295,2,Q2,2026-06-06 16:45,2026-06-06T14:32:00Z,2026-06-06T14:47:00Z,1780764300,23.3,34.0,56.5,4.3,178,0,0.0,dry,18,1:12.499,72.499,VER,timing
11295,3,Q3,2026-06-06 17:05,2026-06-06T14:54:00Z,2026-06-06T15:07:00Z,1780765500,23.2,33.1,59.6,0.0,352,0,0.0,dry,18,1:12.051,72.051,ANT,timing
11303,1,Q1,2026-06-13 16:16,2026-06-13T14:00:00Z,2026-06-13T14:18:00Z,1781367360,30.9,50.7,29.7,8.6,125,0,0.0,dry,18,1:15.625,75.625,HAM,timing
11303,2,Q2,2026-06-13 16:38,2026-06-13T14:25:00Z,2026-06-13T14:40:00Z,1781368680,30.7,50.1,27.1,7.9,104,0,0.0,dry,18,1:15.228,75.228,RUS,timing
11303,3,Q3,2026-06-13 17:09,2026-06-13T14:47:00Z,2026-06-13T15:11:30Z,1781370570,30.4,48.8,26.4,11.2,126,0,0.0,dry,18,1:14.679,74.679,RUS,timing
11311,1,Q1,2026-06-27 16:16,2026-06-27T14:00:00Z,2026-06-27T14:18:00Z,1782576960,33.6,52.0,25.1,3.6,324,0,0.0,dry,17,1:07.083,67.083,ANT,timing
11311,2,Q2,2026-06-27 16:38,2026-06-27T14:25:00Z,2026-06-27T14:40:00Z,1782578280,33.4,52.1,25.8,2.5,322,0,0.0,dry,17,1:06.763,66.763,ANT,timing
11311,3,Q3,2026-06-27 16:58,2026-06-27T14:47:00Z,2026-06-27T15:00:00Z,1782579480,33.4,50.9,24.9,2.5,20,0,0.0,dry,17,1:06.113,66.113,RUS,timing
11317,1,SQ1,2026-07-03 16:40,2026-07-03T15:30:00Z,2026-07-03T15:42:00Z,1783096800,25.3,40.0,34.8,13.3,244,0,0.0,dry,17,1:29.273,89.273,HAM,timing
11317,2,SQ2,2026-07-03 16:57,2026-07-03T15:49:00Z,2026-07-03T15:59:00Z,1783097820,24.8,40.1,34.5,8.3,248,0,0.0,dry,17,1:28.747,88.747,HAM,timing
11317,3,SQ3,2026-07-03 17:12,2026-07-03T16:06:00Z,2026-07-03T16:14:00Z,1783098720,24.8,40.4,34.6,3.6,231,0,0.0,dry,17,1:28.376,88.376,HAM,timing
11322,1,Q1,2026-07-04 16:16,2026-07-04T15:00:00Z,2026-07-04T15:18:00Z,1783181760,25.2,42.1,48.0,9.0,200,0,0.0,dry,18,1:29.276,89.276,HAD,timing
11322,2,Q2,2026-07-04 16:46,2026-07-04T15:33:00Z,2026-07-04T15:48:00Z,1783183560,25.3,41.7,47.4,7.9,155,0,0.0,dry,18,1:28.493,88.493,ANT,timing
11322,3,Q3,2026-07-04 17:06,2026-07-04T15:55:00Z,2026-07-04T16:08:00Z,1783184760,25.3,41.2,49.3,7.9,144,0,0.0,dry,18,1:28.111,88.111,ANT,timing
11330,1,Q1,2026-07-18 16:16,2026-07-18T14:00:00Z,2026-07-18T14:18:00Z,1784391360,21.3,37.0,54.5,10.1,309,0,0.0,dry,19,1:45.865,105.865,NOR,timing
11330,2,Q2,2026-07-18 16:38,2026-07-18T14:25:00Z,2026-07-18T14:40:00Z,1784392680,20.8,34.5,56.4,9.0,309,0,0.0,dry,19,1:45.142,105.142,ANT,timing
11330,3,Q3,2026-07-18 17:08,2026-07-18T14:50:00Z,2026-07-18T15:10:06Z,1784394486,20.7,35.0,56.4,10.1,318,0,0.0,dry,19,1:44.361,104.361,ANT,timing
11338,1,Q1,2026-07-25 16:16,2026-07-25T14:00:00Z,2026-07-25T14:18:00Z,1784996160,27.1,48.0,23.0,6.8,134,0,0.0,dry,18,1:18.277,78.277,NOR,timing
11338,2,Q2,2026-07-25 16:38,2026-07-25T14:25:00Z,2026-07-25T14:40:00Z,1784997480,26.8,47.2,23.9,6.5,138,0,0.0,dry,18,1:17.456,77.456,NOR,timing
11338,3,Q3,2026-07-25 16:58,2026-07-25T14:47:00Z,2026-07-25T15:00:00Z,1784998680,26.5,42.4,23.9,2.5,106,0,0.0,dry,18,1:17.207,77.207,NOR,timing
11344,1,SQ1,2026-08-21 16:40,2026-08-21T14:30:00Z,2026-08-21T14:42:00Z,1787330400,20.0,35.8,53.7,7.9,44,0,0.2,wet,19,1:13.011,73.011,LEC,timing
11344,2,SQ2,2026-08-21 16:57,2026-08-21T14:49:00Z,2026-08-21T14:59:00Z,1787331420,19.3,32.3,56.6,9.7,47,0,0.0,damp,19,1:12.026,72.026,PIA,timing
11344,3,SQ3,2026-08-21 17:12,2026-08-21T15:06:00Z,2026-08-21T15:14:00Z,1787332320,19.0,30.5,59.0,10.1,48,0,0.0,drying,19,1:11.567,71.567,RUS,timing
11349,1,Q1,2026-08-22 16:16,2026-08-22T14:00:00Z,2026-08-22T14:18:00Z,1787415360,18.6,35.1,55.1,7.2,49,0,0.2,wet,19,1:12.610,72.61,PIA,timing
11349,2,Q2,2026-08-22 16:38,2026-08-22T14:25:00Z,2026-08-22T14:40:01Z,1787416681,18.1,31.6,60.2,9.4,37,0,0.2,wet,19,1:11.628,71.628,NOR,timing
11349,3,Q3,2026-08-22 16:58,2026-08-22T14:47:00Z,2026-08-22T15:00:00Z,1787417880,17.6,29.8,60.5,9.4,38,0,0.0,damp,19,1:11.163,71.163,NOR,timing
11357,1,Q1,2026-09-05 16:16,2026-09-05T14:00:00Z,2026-09-05T14:18:00Z,1788624960,34.0,54.6,33.8,5.4,242,0,0.0,dry,17,1:22.612,82.612,GAS,timing
11357,2,Q2,2026-09-05 16:38,2026-09-05T14:25:00Z,2026-09-05T14:40:00Z,1788626280,34.0,52.3,34.5,2.5,313,0,0.0,dry,17,1:21.882,81.882,ANT,timing
11357,3,Q3,2026-09-05 16:58,2026-09-05T14:47:00Z,2026-09-05T15:00:00Z,1788627480,33.9,51.9,34.3,3.2,293,0,0.0,dry,17,1:21.786,81.786,GAS,timing
11365,1,Q1,2026-09-12 16:16,2026-09-12T14:00:00Z,2026-09-12T14:18:00Z,1789229760,30.9,54.6,17.7,3.6,354,0,0.0,dry,15,1:33.267,93.267,ANT,timing
11365,2,Q2,2026-09-12 16:38,2026-09-12T14:25:00Z,2026-09-12T14:40:00Z,1789231080,30.9,53.4,17.7,5.0,263,0,0.0,dry,15,1:32.431,92.431,VER,timing
11365,3,Q3,2026-09-12 16:58,2026-09-12T14:47:00Z,2026-09-12T15:00:00Z,1789232280,30.9,53.4,17.9,3.6,41,0,0.0,dry,15,1:31.824,91.824,NOR,timing
11373,1,Q1,2026-09-25 16:20,2026-09-25T12:04:00Z,2026-09-25T12:22:00Z,1790353200,24.6,39.3,67.8,5.8,332,0,0.0,dry,18,1:43.615,103.615,RUS,timing
11373,2,Q2,2026-09-25 16:42,2026-09-25T12:29:00Z,2026-09-25T12:44:00Z,1790354520,24.2,36.3,69.8,6.8,308,0,0.0,dry,18,1:43.462,103.462,RUS,timing
11373,3,Q3,2026-09-25 17:02,2026-09-25T12:51:00Z,2026-09-25T13:04:00Z,1790355720,24.0,35.3,70.3,2.9,41,0,0.0,dry,18,1:42.526,102.526,RUS,timing
11730,1,Q1,2026-10-03 16:16,2026-10-03T08:00:00Z,2026-10-03T08:18:00Z,1791044160,32.9,56.7,50.9,2.5,306,0,0.0,dry,19,1:36.477,96.477,VER,timing
11730,2,Q2,2026-10-03 16:38,2026-10-03T08:25:00Z,2026-10-03T08:40:00Z,1791045480,32.7,55.4,48.9,2.2,275,0,0.0,dry,19,1:35.696,95.696,VER,timing
11730,3,Q3,2026-10-03 16:58,2026-10-03T08:47:00Z,2026-10-03T09:00:00Z,1791046680,32.5,53.8,50.7,1.8,308,0,0.0,dry,19,1:35.130,95.13,VER,timing
11379,1,SQ1,2026-10-09 20:40,2026-10-09T12:40:00Z,,1791578400,28.3,32.6,78,4.7,208,0,,dry,17,,,,forecast
11379,2,SQ2,2026-10-09 20:57,2026-10-09T12:57:00Z,,1791579420,28.3,32.6,78,4.7,208,0,,dry,17,,,,forecast
11379,3,SQ3,2026-10-09 21:12,2026-10-09T13:12:00Z,,1791580320,28.3,32.6,78,4.7,208,0,,dry,17,,,,forecast
11384,1,Q1,2026-10-10 21:15,2026-10-10T13:15:00Z,,1791666900,27.9,32.2,80,6.8,215,0,,dry,19,,,,forecast
11384,2,Q2,2026-10-10 21:40,2026-10-10T13:40:00Z,,1791668400,27.8,32.1,82,6.0,187,0,,dry,19,,,,forecast
11384,3,Q3,2026-10-10 21:59,2026-10-10T13:59:00Z,,1791669540,27.8,32.1,82,6.0,187,0,,dry,19,,,,forecast
