year,round,meeting,circuit,country,session,local_start,utc_start,gmt_offset,stamp_ts,air_c,track_c,humidity_pct,pressure_hpa,wind_kmh,wind_dir_deg,rain,rain_frac,cloud_pct,precip_mm,pure_weather,air_min,air_max,track_min,track_max,session_key,source,display,track_keywords
2023,1,Bahrain Grand Prix,Sakhir,Bahrain,Qualifying,2023-03-04 18:00,2023-03-04T15:00:00Z,+03:00,1677952800,24.4,29.1,17,1017.5,1.4,14,0,0,0,0,15,23,24.7,26.6,29.8,7768,timing,Bahrain,bahrain;sakhir
2023,1,Bahrain Grand Prix,Sakhir,Bahrain,Race,2023-03-05 18:00,2023-03-05T15:00:00Z,+03:00,1678039200,27.3,31.3,22,1016.7,1.8,200,0,0,0,0,15,26.2,29.8,28.7,35.1,7953,timing,Bahrain,bahrain;sakhir
2023,2,Saudi Arabian Grand Prix,Jeddah,Saudi Arabia,Qualifying,2023-03-18 20:00,2023-03-18T17:00:00Z,+03:00,1679169600,26.9,32.1,49,1010.2,6.5,322,0,0,39,0,17,26.6,27.4,30.8,32.4,7775,timing,Jeddah,jeddah;saudi
2023,2,Saudi Arabian Grand Prix,Jeddah,Saudi Arabia,Race,2023-03-19 20:00,2023-03-19T17:00:00Z,+03:00,1679256000,25.9,31.9,55,1011,5.4,321,0,0,0,0,15,25.8,26.4,29.9,34.3,7779,timing,Jeddah,jeddah;saudi
2023,3,Australian Grand Prix,Melbourne,Australia,Qualifying,2023-04-01 16:00,2023-04-01T06:00:00Z,+10:00,1680364800,15.4,22.9,52,1019,4.3,121,0,0,100,0.1,19,14.3,15.8,20.3,24.3,7783,timing,Melbourne,melbourne;albert;albertpark
2023,3,Australian Grand Prix,Melbourne,Australia,Race,2023-04-02 15:00,2023-04-02T05:00:00Z,+10:00,1680447600,17.4,34.5,52,1018.5,2.9,104,0,0,40,0,17,16.8,18.1,19.2,35.4,7787,timing,Melbourne,melbourne;albert;albertpark
2023,4,Azerbaijan Grand Prix,Baku,Azerbaijan,Sprint Qualifying,2023-04-29 12:30,2023-04-29T08:30:00Z,+04:00,1682771400,24.4,47.9,68,1011.2,3.6,30,0,0,39,0,17,23.2,25,47.1,50,9278,timing,Baku,baku;azerbaijan
2023,4,Azerbaijan Grand Prix,Baku,Azerbaijan,Sprint,2023-04-29 17:30,2023-04-29T13:30:00Z,+04:00,1682789400,22.2,35.9,60,1009,1.4,337,0,0,54,0,17,21.8,22.6,32.4,43.5,9069,timing,Baku,baku;azerbaijan
2023,4,Azerbaijan Grand Prix,Baku,Azerbaijan,Qualifying,2023-04-28 17:00,2023-04-28T13:00:00Z,+04:00,1682701200,19.6,38.2,78,1011.7,2.9,331,0,0,14,0,16,19.2,20,28.7,39.7,9064,timing,Baku,baku;azerbaijan
2023,4,Azerbaijan Grand Prix,Baku,Azerbaijan,Race,2023-04-30 15:00,2023-04-30T11:00:00Z,+04:00,1682866800,24.6,43.1,50,1008.7,4.0,163,0,0,23,0,16,23.9,25.6,34.5,44.8,9070,timing,Baku,baku;azerbaijan
2023,5,Miami Grand Prix,Miami,United States,Qualifying,2023-05-06 16:00,2023-05-06T20:00:00Z,-04:00,1683388800,29.1,46.2,58,1017.5,9.7,149,0,0,78,0.2,18,28,29.3,39.6,47.6,9074,timing,Miami,miami
2023,5,Miami Grand Prix,Miami,United States,Race,2023-05-07 15:30,2023-05-07T19:30:00Z,-04:00,1683473400,26.7,34.2,61,1018.5,14.8,136,0,0,19,0.1,16,26.6,27.8,32.8,52.5,9078,timing,Miami,miami
2023,6,Monaco Grand Prix,Monte Carlo,Monaco,Qualifying,2023-05-27 16:00,2023-05-27T14:00:00Z,+02:00,1685203200,25.3,48.4,40,1016.4,2.9,178,0,0,47,0,17,24.3,26.3,43.9,49.6,9090,timing,Monaco,monaco;monte
2023,6,Monaco Grand Prix,Monte Carlo,Monaco,Race,2023-05-28 15:00,2023-05-28T13:00:00Z,+02:00,1685286000,25.3,42.9,44,1013.5,2.9,92,0,0.1,100,0.1,19,23,26.3,27.2,48.3,9094,timing,Monaco,monaco;monte
2023,7,Spanish Grand Prix,Catalunya,Spain,Qualifying,2023-06-03 16:00,2023-06-03T14:00:00Z,+02:00,1685808000,20.7,24.3,74,1000.7,7.9,36,1,0.2,100,0.2,6,20.5,21.5,23.7,26.4,9098,timing,Barcelona,barcelona;catalunya;montmelo
2023,7,Spanish Grand Prix,Catalunya,Spain,Race,2023-06-04 15:00,2023-06-04T13:00:00Z,+02:00,1685890800,22.6,33.7,64,1001,4.3,290,0,0,55,0.1,17,21.5,24.7,26.8,42.5,9102,timing,Barcelona,barcelona;catalunya;montmelo
2023,8,Canadian Grand Prix,Montreal,Canada,Qualifying,2023-06-17 16:00,2023-06-17T20:00:00Z,-04:00,1687017600,16.3,18.2,88,1004.7,9.0,337,1,0.3,100,1.3,7,15.9,16.8,17.9,19.1,9106,timing,Montreal,montreal;villeneuve;canada
2023,8,Canadian Grand Prix,Montreal,Canada,Race,2023-06-18 14:00,2023-06-18T18:00:00Z,-04:00,1687096800,18.3,32.5,65,1011.5,7.2,315,0,0,100,0,19,17,19.5,27,34.3,9110,timing,Montreal,montreal;villeneuve;canada
2023,9,Austrian Grand Prix,Spielberg,Austria,Sprint Qualifying,2023-07-01 12:00,2023-07-01T10:00:00Z,+02:00,1688212800,16.8,22.5,83,932.7,4.3,98,0,0,100,0.1,19,16.6,17.6,21.4,24.1,9282,timing,Red Bull Ring,spielberg;redbull;red_bull;rbr;austria
2023,9,Austrian Grand Prix,Spielberg,Austria,Sprint,2023-07-01 16:30,2023-07-01T14:30:00Z,+02:00,1688229000,16.1,21.1,90,932.7,2.2,277,1,0.4,100,0,6,16.1,16.9,20.2,22.4,9117,timing,Red Bull Ring,spielberg;redbull;red_bull;rbr;austria
2023,9,Austrian Grand Prix,Spielberg,Austria,Qualifying,2023-06-30 17:00,2023-06-30T15:00:00Z,+02:00,1688144400,27.4,41.5,39,930.7,2.9,332,0,0,95,0,19,25.8,28,36.9,44.4,9112,timing,Red Bull Ring,spielberg;redbull;red_bull;rbr;austria
2023,9,Austrian Grand Prix,Spielberg,Austria,Race,2023-07-02 15:00,2023-07-02T13:00:00Z,+02:00,1688310000,22.3,32.1,51,934,4.3,256,0,0,82,0,18,21.5,23.2,30.5,34.5,9118,timing,Red Bull Ring,spielberg;redbull;red_bull;rbr;austria
2023,10,British Grand Prix,Silverstone,United Kingdom,Qualifying,2023-07-08 15:00,2023-07-08T14:00:00Z,+01:00,1688828400,20.8,21.6,80,999.5,11.5,207,1,0.2,96,7.2,6,20.7,22.8,21.3,26.9,9122,timing,Silverstone,silverstone
2023,10,British Grand Prix,Silverstone,United Kingdom,Race,2023-07-09 15:00,2023-07-09T14:00:00Z,+01:00,1688914800,21.5,28.6,54,1001.2,11.5,205,0,0,39,0,17,20,22.5,27.7,38.2,9126,timing,Silverstone,silverstone
2023,11,Hungarian Grand Prix,Hungaroring,Hungary,Qualifying,2023-07-22 16:00,2023-07-22T14:00:00Z,+02:00,1690041600,26.3,44.9,33,987.4,7.9,277,0,0,98,0,19,26,26.5,41.9,45.7,9129,timing,Hungaroring,hungaroring;hungary
2023,11,Hungarian Grand Prix,Hungaroring,Hungary,Race,2023-07-23 15:00,2023-07-23T13:00:00Z,+02:00,1690124400,28.6,49.8,34,988.5,4.3,43,0,0,7,0,15,27.7,29.6,45.5,51.4,9133,timing,Hungaroring,hungaroring;hungary
2023,12,Belgian Grand Prix,Spa-Francorchamps,Belgium,Sprint Qualifying,2023-07-29 12:00,2023-07-29T10:00:00Z,+02:00,1690632000,15.4,18.4,95,962.2,5.4,126,1,0.3,87,0.1,6,15.3,18.5,18.2,27.3,9286,timing,Spa,spa;francorchamps
2023,12,Belgian Grand Prix,Spa-Francorchamps,Belgium,Sprint,2023-07-29 17:05,2023-07-29T15:05:00Z,+02:00,1690650300,19.2,24.6,78,961.7,4.3,152,1,0.3,21,0.2,6,17.6,21.7,22.8,31.8,9140,timing,Spa,spa;francorchamps
2023,12,Belgian Grand Prix,Spa-Francorchamps,Belgium,Qualifying,2023-07-28 17:00,2023-07-28T15:00:00Z,+02:00,1690563600,18.1,22.1,91,961.5,2.9,124,0,0,99,0,19,17.8,20.3,21.6,26.6,9135,timing,Spa,spa;francorchamps
2023,12,Belgian Grand Prix,Spa-Francorchamps,Belgium,Race,2023-07-30 15:00,2023-07-30T13:00:00Z,+02:00,1690729200,18,28.3,61,966.5,7.2,135,0,0.1,68,0,18,16.8,19.2,25,31.5,9141,timing,Spa,spa;francorchamps
2023,13,Dutch Grand Prix,Zandvoort,Netherlands,Qualifying,2023-08-26 15:00,2023-08-26T13:00:00Z,+02:00,1693062000,17.4,22.5,81,1009.4,6.1,203,0,0.2,51,0,17,16.2,19.1,18.8,24.4,9145,timing,Zandvoort,zandvoort
2023,13,Dutch Grand Prix,Zandvoort,Netherlands,Race,2023-08-27 15:00,2023-08-27T13:00:00Z,+02:00,1693148400,17.5,28.9,67,1007.7,6.1,145,1,0.2,60,0.4,7,14.6,18.4,18.9,30.8,9149,timing,Zandvoort,zandvoort
2023,14,Italian Grand Prix,Monza,Italy,Qualifying,2023-09-02 16:00,2023-09-02T14:00:00Z,+02:00,1693670400,28.2,40.6,40,999,2.9,163,0,0,56,0,17,27.9,28.4,37.9,41.1,9153,timing,Monza,monza
2023,14,Italian Grand Prix,Monza,Italy,Race,2023-09-03 15:00,2023-09-03T13:00:00Z,+02:00,1693753200,29,43.1,42,1000.7,2.9,359,0,0,100,0,19,28.4,30.3,39.3,44.4,9157,timing,Monza,monza
2023,15,Singapore Grand Prix,Singapore,Singapore,Qualifying,2023-09-16 21:00,2023-09-16T13:00:00Z,+08:00,1694898000,29.7,34.6,76,1009.5,7.2,177,0,0,96,0,19,29.3,29.8,33.4,35.3,9161,timing,Singapore,singapore;marina_bay;marinabay
2023,15,Singapore Grand Prix,Singapore,Singapore,Race,2023-09-17 20:00,2023-09-17T12:00:00Z,+08:00,1694980800,29.8,37.2,71,1008.5,4.0,172,0,0,36,0.1,17,29.4,30.2,34.6,38.6,9165,timing,Singapore,singapore;marina_bay;marinabay
2023,16,Japanese Grand Prix,Suzuka,Japan,Qualifying,2023-09-23 15:00,2023-09-23T06:00:00Z,+09:00,1695481200,27.3,38.2,46,1009.2,12.6,285,0,0,100,0,19,25.4,27.5,33.8,39.2,9169,timing,Suzuka,suzuka
2023,16,Japanese Grand Prix,Suzuka,Japan,Race,2023-09-24 14:00,2023-09-24T05:00:00Z,+09:00,1695564000,27.1,43.9,41,1013,9.0,123,0,0,8,0,15,26.9,27.7,35.5,46.7,9173,timing,Suzuka,suzuka
2023,17,Qatar Grand Prix,Lusail,Qatar,Sprint Qualifying,2023-10-07 16:00,2023-10-07T13:00:00Z,+03:00,1696694400,35.7,43.1,37,1005.9,8.6,300,0,0,0,0,15,34.8,35.8,40.8,43.3,9298,timing,Lusail,lusail;losail;qatar
2023,17,Qatar Grand Prix,Lusail,Qatar,Sprint,2023-10-07 20:30,2023-10-07T17:30:00Z,+03:00,1696710600,31.6,35.7,61,1008,6.1,302,0,0,0,0,15,31.2,32.3,34.8,36.7,9220,timing,Lusail,lusail;losail;qatar
2023,17,Qatar Grand Prix,Lusail,Qatar,Qualifying,2023-10-06 20:00,2023-10-06T17:00:00Z,+03:00,1696622400,31.5,34.6,55,1006.4,13.3,328,0,0,0,0,15,31.3,31.6,33.9,34.8,9215,timing,Lusail,lusail;losail;qatar
2023,17,Qatar Grand Prix,Lusail,Qatar,Race,2023-10-08 20:00,2023-10-08T17:00:00Z,+03:00,1696795200,31.6,37.3,73,1009.9,2.9,287,0,0,0,0,15,30.8,32.3,34.8,38.5,9221,timing,Lusail,lusail;losail;qatar
2023,18,United States Grand Prix,Austin,United States,Sprint Qualifying,2023-10-21 12:30,2023-10-21T17:30:00Z,-05:00,1697891400,32,37.9,24,994.7,6.5,71,0,0,100,0,19,31.8,33,36.6,39.9,9294,timing,Austin (COTA),austin;cota;americas
2023,18,United States Grand Prix,Austin,United States,Sprint,2023-10-21 17:00,2023-10-21T22:00:00Z,-05:00,1697907600,33,36.4,22,992.7,10.8,94,0,0,100,0,19,32.9,33.6,35.6,37.8,9212,timing,Austin (COTA),austin;cota;americas
2023,18,United States Grand Prix,Austin,United States,Qualifying,2023-10-20 16:00,2023-10-20T21:00:00Z,-05:00,1697817600,35.3,42.2,12,993.2,4.7,277,0,0,0,0,15,35.2,35.7,39.6,42.6,9207,timing,Austin (COTA),austin;cota;americas
2023,18,United States Grand Prix,Austin,United States,Race,2023-10-22 14:00,2023-10-22T19:00:00Z,-05:00,1697983200,29.8,40.7,42,994,10.8,105,0,0,3,0,15,28.5,31,39,42.2,9213,timing,Austin (COTA),austin;cota;americas
2023,19,Mexico City Grand Prix,Mexico City,Mexico,Qualifying,2023-10-28 15:00,2023-10-28T21:00:00Z,-06:00,1698505200,25.4,45.8,28,780.5,3.6,287,0,0,62,0,18,25.2,26.4,39.8,47.3,9177,timing,Mexico City,mexico;hermanos
2023,19,Mexico City Grand Prix,Mexico City,Mexico,Race,2023-10-29 14:00,2023-10-29T20:00:00Z,-06:00,1698588000,24.7,47.9,28,780,5.4,299,0,0,0,0,15,24.1,26.9,35.9,48.6,9181,timing,Mexico City,mexico;hermanos
2023,20,São Paulo Grand Prix,Interlagos,Brazil,Sprint Qualifying,2023-11-04 11:00,2023-11-04T14:00:00Z,-03:00,1699095600,25.1,46,46,922.5,2.9,34,0,0,12,0,16,24.4,25.8,42.4,55.6,9308,timing,Interlagos,interlagos;sao_paulo;saopaulo;brazil
2023,20,São Paulo Grand Prix,Interlagos,Brazil,Sprint,2023-11-04 15:30,2023-11-04T18:30:00Z,-03:00,1699111800,27.6,52.4,18,921.2,2.9,35,0,0,0,0,15,26.9,27.7,40,55.4,9204,timing,Interlagos,interlagos;sao_paulo;saopaulo;brazil
2023,20,São Paulo Grand Prix,Interlagos,Brazil,Qualifying,2023-11-03 15:00,2023-11-03T18:00:00Z,-03:00,1699023600,30,40.6,54,916.7,10.4,14,0,0,99,3.5,19,26.6,30.9,33.3,44.5,9304,timing,Interlagos,interlagos;sao_paulo;saopaulo;brazil
2023,20,São Paulo Grand Prix,Interlagos,Brazil,Race,2023-11-05 14:00,2023-11-05T17:00:00Z,-03:00,1699192800,20.6,46.9,59,928,4.0,174,0,0,45,0.1,17,19.6,21.1,35.8,52.4,9205,timing,Interlagos,interlagos;sao_paulo;saopaulo;brazil
2023,21,Las Vegas Grand Prix,Las Vegas,United States,Qualifying,2023-11-18 00:00,2023-11-18T08:00:00Z,-08:00,1700265600,14.8,16.7,62,942.4,2.9,45,0,0,2,0,15,14.7,15.5,16.5,17.2,9314,timing,Las Vegas,vegas
2023,21,Las Vegas Grand Prix,Las Vegas,United States,Race,2023-11-18 22:00,2023-11-19T06:00:00Z,-08:00,1700344800,18,18.5,47,940,7.9,219,0,0,5,0,15,17.9,18.2,17.5,20.3,9189,timing,Las Vegas,vegas
2023,22,Abu Dhabi Grand Prix,Yas Marina Circuit,United Arab Emirates,Qualifying,2023-11-25 18:00,2023-11-25T14:00:00Z,+04:00,1700935200,26.9,32.5,66,1014.2,5.4,301,0,0,2,0,15,26.3,27,30.7,32.7,9193,timing,Abu Dhabi,yas;abu_dhabi;abudhabi
2023,22,Abu Dhabi Grand Prix,Yas Marina Circuit,United Arab Emirates,Race,2023-11-26 17:00,2023-11-26T13:00:00Z,+04:00,1701018000,27.1,33.7,49,1014.9,6.5,295,0,0,0,0,15,26.3,27.7,30.5,38.2,9197,timing,Abu Dhabi,yas;abu_dhabi;abudhabi
2024,1,Bahrain Grand Prix,Sakhir,Bahrain,Qualifying,2024-03-01 19:00,2024-03-01T16:00:00Z,+03:00,1709319600,18.1,21.8,48,1018.9,9.0,57,0,0,3,0,15,17.9,18.2,20.8,22.2,9468,timing,Bahrain,bahrain;sakhir
2024,1,Bahrain Grand Prix,Sakhir,Bahrain,Race,2024-03-02 18:00,2024-03-02T15:00:00Z,+03:00,1709402400,18.3,23.8,49,1017,5.4,39,0,0,99,0,19,17.6,18.9,21.9,26.5,9472,timing,Bahrain,bahrain;sakhir
2024,2,Saudi Arabian Grand Prix,Jeddah,Saudi Arabia,Qualifying,2024-03-08 20:00,2024-03-08T17:00:00Z,+03:00,1709928000,25.1,31.5,56,1014.6,7.9,0,0,0,0,0,15,24.8,25.4,29.4,31.9,9476,timing,Jeddah,jeddah;saudi
2024,2,Saudi Arabian Grand Prix,Jeddah,Saudi Arabia,Race,2024-03-09 20:00,2024-03-09T17:00:00Z,+03:00,1710014400,25.4,31.7,62,1012.5,5.4,2,0,0,0,0,15,25.2,25.9,29.1,33.6,9480,timing,Jeddah,jeddah;saudi
2024,3,Australian Grand Prix,Melbourne,Australia,Qualifying,2024-03-23 16:00,2024-03-23T05:00:00Z,+11:00,1711209600,18.8,35,54,1024,5.4,148,0,0,45,0,17,18.5,18.9,32.5,35.2,9484,timing,Melbourne,melbourne;albert;albertpark
2024,3,Australian Grand Prix,Melbourne,Australia,Race,2024-03-24 15:00,2024-03-24T04:00:00Z,+11:00,1711292400,20.4,39,45,1020.8,3.2,308,0,0,64,0,18,19,22,36.7,39.6,9488,timing,Melbourne,melbourne;albert;albertpark
2024,4,Japanese Grand Prix,Suzuka,Japan,Qualifying,2024-04-06 15:00,2024-04-06T06:00:00Z,+09:00,1712415600,17.9,27.5,56,1014,6.1,179,0,0,100,0,19,16.9,17.9,24.9,28.3,9492,timing,Suzuka,suzuka
2024,4,Japanese Grand Prix,Suzuka,Japan,Race,2024-04-07 14:00,2024-04-07T05:00:00Z,+09:00,1712498400,22.3,40,40,1012.1,7.6,190,0,0,68,0,18,19.5,22.7,31.3,40.5,9496,timing,Suzuka,suzuka
2024,5,Chinese Grand Prix,Shanghai,China,Sprint Qualifying,2024-04-19 15:30,2024-04-19T07:30:00Z,+08:00,1713540600,20,28.5,34,1006.3,2.5,126,0,0.5,100,0.3,19,16.1,20.3,21.8,28.9,9668,timing,Shanghai,shanghai;china
2024,5,Chinese Grand Prix,Shanghai,China,Sprint,2024-04-20 11:00,2024-04-20T03:00:00Z,+08:00,1713610800,20,27.2,68,1007.1,8.6,291,0,0,100,0,19,19,20.2,24.8,28.9,9672,timing,Shanghai,shanghai;china
2024,5,Chinese Grand Prix,Shanghai,China,Qualifying,2024-04-20 15:00,2024-04-20T07:00:00Z,+08:00,1713625200,21.9,35,57,1007.2,5.4,262,0,0,100,0,19,21.8,22.4,31.9,35.5,9664,timing,Shanghai,shanghai;china
2024,5,Chinese Grand Prix,Shanghai,China,Race,2024-04-21 15:00,2024-04-21T07:00:00Z,+08:00,1713711600,18.8,30.8,65,1011.6,4.7,140,0,0,100,0,19,18,19.1,26.8,32.3,9673,timing,Shanghai,shanghai;china
2024,6,Miami Grand Prix,Miami,United States,Sprint Qualifying,2024-05-03 16:30,2024-05-03T20:30:00Z,-04:00,1714753800,28.5,47.3,58,1014.2,10.1,163,0,0,10,0.1,16,28.1,28.8,42.8,50.8,9502,timing,Miami,miami
2024,6,Miami Grand Prix,Miami,United States,Sprint,2024-05-04 12:00,2024-05-04T16:00:00Z,-04:00,1714824000,28.7,45.6,55,1016.9,12.6,151,0,0,8,0,15,28.2,29.2,40,49.2,9506,timing,Miami,miami
2024,6,Miami Grand Prix,Miami,United States,Qualifying,2024-05-04 16:00,2024-05-04T20:00:00Z,-04:00,1714838400,29,48.5,55,1015.8,10.8,162,0,0,52,0.4,17,28.8,29.5,45.4,50.4,9498,timing,Miami,miami
2024,6,Miami Grand Prix,Miami,United States,Race,2024-05-05 16:00,2024-05-05T20:00:00Z,-04:00,1714924800,28.5,45.2,58,1016.3,10.1,152,0,0,15,0.1,16,27.9,29,39.3,49.1,9507,timing,Miami,miami
2024,7,Emilia Romagna Grand Prix,Imola,Italy,Qualifying,2024-05-18 16:00,2024-05-18T14:00:00Z,+02:00,1716048000,24.2,43.1,42,1008.2,10.8,133,0,0,41,0,17,23.9,24.6,39.7,43.8,9511,timing,Imola,imola
2024,7,Emilia Romagna Grand Prix,Imola,Italy,Race,2024-05-19 15:00,2024-05-19T13:00:00Z,+02:00,1716130800,25.2,45.3,50,1006.8,7.9,132,0,0,43,0.1,17,24,26.1,38.6,46,9515,timing,Imola,imola
2024,8,Monaco Grand Prix,Monte Carlo,Monaco,Qualifying,2024-05-25 16:00,2024-05-25T14:00:00Z,+02:00,1716652800,21.4,47.2,61,1017,4.0,310,0,0,27,0,16,20.7,21.6,42.1,49,9519,timing,Monaco,monaco;monte
2024,8,Monaco Grand Prix,Monte Carlo,Monaco,Race,2024-05-26 15:00,2024-05-26T13:00:00Z,+02:00,1716735600,21.5,47.7,67,1018.9,3.2,294,0,0,89,0,19,20.9,22.3,40.2,50,9523,timing,Monaco,monaco;monte
2024,9,Canadian Grand Prix,Montreal,Canada,Qualifying,2024-06-08 16:00,2024-06-08T20:00:00Z,-04:00,1717862400,20.1,31.6,70,1000.7,6.1,203,0,0.2,99,0.3,19,20.1,21,29.7,33.7,9527,timing,Montreal,montreal;villeneuve;canada
2024,9,Canadian Grand Prix,Montreal,Canada,Race,2024-06-09 14:00,2024-06-09T18:00:00Z,-04:00,1717941600,16.3,20.7,76,996.4,4.7,140,1,0.3,97,2.2,7,15.9,19.1,19.9,28.5,9531,timing,Montreal,montreal;villeneuve;canada
2024,10,Spanish Grand Prix,Catalunya,Spain,Qualifying,2024-06-22 16:00,2024-06-22T14:00:00Z,+02:00,1719072000,24.2,37.5,68,1003.8,4.7,255,0,0,100,0.1,19,23.9,24.4,34.8,38,9535,timing,Barcelona,barcelona;catalunya;montmelo
2024,10,Spanish Grand Prix,Catalunya,Spain,Race,2024-06-23 15:00,2024-06-23T13:00:00Z,+02:00,1719154800,24.3,40.6,66,1001.3,10.8,234,0,0,52,0.3,17,23.6,24.7,38.3,43.6,9539,timing,Barcelona,barcelona;catalunya;montmelo
2024,11,Austrian Grand Prix,Spielberg,Austria,Sprint Qualifying,2024-06-28 16:30,2024-06-28T14:30:00Z,+02:00,1719592200,27.4,43.1,42,940.2,4.3,87,0,0,40,0,17,27.2,28.1,40.7,43.9,9545,timing,Red Bull Ring,spielberg;redbull;red_bull;rbr;austria
2024,11,Austrian Grand Prix,Spielberg,Austria,Sprint,2024-06-29 12:00,2024-06-29T10:00:00Z,+02:00,1719662400,28.4,43.1,47,941.3,3.6,305,0,0,51,0,17,26.1,29.6,38.8,45.5,9549,timing,Red Bull Ring,spielberg;redbull;red_bull;rbr;austria
2024,11,Austrian Grand Prix,Spielberg,Austria,Qualifying,2024-06-29 16:00,2024-06-29T14:00:00Z,+02:00,1719676800,31.5,47.2,38,938.7,4.7,321,0,0,92,0,19,31,31.6,43.5,47.9,9541,timing,Red Bull Ring,spielberg;redbull;red_bull;rbr;austria
2024,11,Austrian Grand Prix,Spielberg,Austria,Race,2024-06-30 15:00,2024-06-30T13:00:00Z,+02:00,1719759600,29,47.6,36,933,6.8,344,0,0,60,0,18,28.6,30.6,43.4,49,9550,timing,Red Bull Ring,spielberg;redbull;red_bull;rbr;austria
2024,12,British Grand Prix,Silverstone,United Kingdom,Qualifying,2024-07-06 15:00,2024-07-06T14:00:00Z,+01:00,1720278000,13.5,23.1,78,986.9,6.1,232,0,0.1,100,0,19,12.4,14.6,18.3,24,9554,timing,Silverstone,silverstone
2024,12,British Grand Prix,Silverstone,United Kingdom,Race,2024-07-07 15:00,2024-07-07T14:00:00Z,+01:00,1720364400,16.2,33,63,992,6.5,240,0,0.3,94,0.1,19,14.5,16.8,20.7,37.9,9558,timing,Silverstone,silverstone
2024,13,Hungarian Grand Prix,Hungaroring,Hungary,Qualifying,2024-07-20 16:00,2024-07-20T14:00:00Z,+02:00,1721491200,24.3,29.7,67,984.3,3.6,215,1,0.8,100,0.5,7,24,24.9,28.8,32,9562,timing,Hungaroring,hungaroring;hungary
2024,13,Hungarian Grand Prix,Hungaroring,Hungary,Race,2024-07-21 15:00,2024-07-21T13:00:00Z,+02:00,1721574000,28.8,44.6,46,981.7,3.6,293,0,0,86,0,18,27.4,30.3,40.4,49.7,9566,timing,Hungaroring,hungaroring;hungary
2024,14,Belgian Grand Prix,Spa-Francorchamps,Belgium,Qualifying,2024-07-27 16:00,2024-07-27T14:00:00Z,+02:00,1722096000,18,22,92,966.4,3.2,143,1,0.4,100,1.1,6,17.9,18.2,21.3,22.7,9570,timing,Spa,spa;francorchamps
2024,14,Belgian Grand Prix,Spa-Francorchamps,Belgium,Race,2024-07-28 15:00,2024-07-28T13:00:00Z,+02:00,1722178800,21,42.4,49,978.2,6.5,0,0,0,100,0,19,20.6,22.1,37.7,44.1,9574,timing,Spa,spa;francorchamps
2024,15,Dutch Grand Prix,Zandvoort,Netherlands,Qualifying,2024-08-24 15:00,2024-08-24T13:00:00Z,+02:00,1724511600,24.7,31.3,66,1002.4,16.2,204,0,0,62,0,18,24,25,28.3,32.4,9578,timing,Zandvoort,zandvoort
2024,15,Dutch Grand Prix,Zandvoort,Netherlands,Race,2024-08-25 15:00,2024-08-25T13:00:00Z,+02:00,1724598000,18.6,28.9,64,1020,13.3,222,0,0,17,0,16,18.2,19.7,27.5,32.4,9582,timing,Zandvoort,zandvoort
2024,16,Italian Grand Prix,Monza,Italy,Qualifying,2024-08-31 16:00,2024-08-31T14:00:00Z,+02:00,1725120000,33.5,50.3,37,996.1,4.7,218,0,0,100,0,19,33,33.9,46.2,51,9586,timing,Monza,monza
2024,16,Italian Grand Prix,Monza,Italy,Race,2024-09-01 15:00,2024-09-01T13:00:00Z,+02:00,1725202800,33.8,52.4,32,993.2,7.2,202,0,0,100,0,19,32.2,34.1,43.5,54.6,9590,timing,Monza,monza
2024,17,Azerbaijan Grand Prix,Baku,Azerbaijan,Qualifying,2024-09-14 16:00,2024-09-14T12:00:00Z,+04:00,1726329600,27.2,37.8,39,1016,3.2,86,0,0,0,0,15,26.1,27.8,33.3,38.5,9594,timing,Baku,baku;azerbaijan
2024,17,Azerbaijan Grand Prix,Baku,Azerbaijan,Race,2024-09-15 15:00,2024-09-15T11:00:00Z,+04:00,1726412400,26.9,45.6,41,1017.7,4.7,222,0,0,0,0,15,25.7,28.2,39.3,47.9,9598,timing,Baku,baku;azerbaijan
2024,18,Singapore Grand Prix,Singapore,Singapore,Qualifying,2024-09-21 21:00,2024-09-21T13:00:00Z,+08:00,1726952400,29.5,32.4,79,1007.2,5.0,188,0,0,100,0,19,29.1,29.7,31,32.7,9602,timing,Singapore,singapore;marina_bay;marinabay
2024,18,Singapore Grand Prix,Singapore,Singapore,Race,2024-09-22 20:00,2024-09-22T12:00:00Z,+08:00,1727035200,30.7,37.3,75,1007.7,2.2,242,0,0,18,0,16,30.4,31.2,34.4,38.5,9606,timing,Singapore,singapore;marina_bay;marinabay
2024,19,United States Grand Prix,Austin,United States,Sprint Qualifying,2024-10-18 16:30,2024-10-18T21:30:00Z,-05:00,1729269000,27.7,35,41,1002.4,11.2,155,0,0,40,0,17,27.6,28.3,34.2,37.6,9612,timing,Austin (COTA),austin;cota;americas
2024,19,United States Grand Prix,Austin,United States,Sprint,2024-10-19 13:00,2024-10-19T18:00:00Z,-05:00,1729342800,27.1,44.7,47,1007.7,5.4,180,0,0,0,0,15,26,27.5,40.8,46.1,9616,timing,Austin (COTA),austin;cota;americas
2024,19,United States Grand Prix,Austin,United States,Qualifying,2024-10-19 17:00,2024-10-19T22:00:00Z,-05:00,1729357200,28.5,38.8,40,1005.5,7.2,183,0,0,24,0,16,28.1,29,35.9,39.8,9608,timing,Austin (COTA),austin;cota;americas
2024,19,United States Grand Prix,Austin,United States,Race,2024-10-20 14:00,2024-10-20T19:00:00Z,-05:00,1729432800,27.7,47,37,1006.8,5.0,220,0,0,0,0,15,26.7,29.3,44.1,48,9617,timing,Austin (COTA),austin;cota;americas
2024,20,Mexico City Grand Prix,Mexico City,Mexico,Qualifying,2024-10-26 15:00,2024-10-26T21:00:00Z,-06:00,1729954800,22.3,43.5,41,784.8,4.7,280,0,0,39,0,17,21.6,22.4,34.6,44.9,9621,timing,Mexico City,mexico;hermanos
2024,20,Mexico City Grand Prix,Mexico City,Mexico,Race,2024-10-27 14:00,2024-10-27T20:00:00Z,-06:00,1730037600,19.7,37,51,785.5,7.6,319,0,0,40,0.1,17,18,21.2,30.6,40.2,9625,timing,Mexico City,mexico;hermanos
2024,21,São Paulo Grand Prix,Interlagos,Brazil,Sprint Qualifying,2024-11-01 15:30,2024-11-01T18:30:00Z,-03:00,1730475000,21.6,40.4,76,926.7,7.9,195,0,0,100,0,19,20.3,22.4,36.3,46.2,9631,timing,Interlagos,interlagos;sao_paulo;saopaulo;brazil
2024,21,São Paulo Grand Prix,Interlagos,Brazil,Sprint,2024-11-02 11:00,2024-11-02T14:00:00Z,-03:00,1730545200,28.4,48.9,49,928.2,6.8,19,1,0.2,100,0,6,27.1,28.8,39,50.4,9635,timing,Interlagos,interlagos;sao_paulo;saopaulo;brazil
2024,21,São Paulo Grand Prix,Interlagos,Brazil,Qualifying,2024-11-03 07:30,2024-11-03T10:30:00Z,-03:00,1730619000,19.9,22.3,95,927.4,2.2,191,1,0.8,100,1.4,7,19.8,20.8,22.1,24.3,9627,timing,Interlagos,interlagos;sao_paulo;saopaulo;brazil
2024,21,São Paulo Grand Prix,Interlagos,Brazil,Race,2024-11-03 12:30,2024-11-03T15:30:00Z,-03:00,1730637000,23.3,28.2,80,926.8,3.6,194,1,0.6,100,1.7,6,20.4,23.4,23.2,29.5,9636,timing,Interlagos,interlagos;sao_paulo;saopaulo;brazil
2024,22,Las Vegas Grand Prix,Las Vegas,United States,Qualifying,2024-11-22 22:00,2024-11-23T06:00:00Z,-08:00,1732312800,12.1,14.6,26,941.4,3.6,217,0,0,36,0,17,11.1,12.6,13.5,14.9,9640,timing,Las Vegas,vegas
2024,22,Las Vegas Grand Prix,Las Vegas,United States,Race,2024-11-23 22:00,2024-11-24T06:00:00Z,-08:00,1732399200,18,18.2,50,935.9,9.7,254,0,0,0,0,15,17,18.6,16.6,19.9,9644,timing,Las Vegas,vegas
2024,23,Qatar Grand Prix,Lusail,Qatar,Sprint Qualifying,2024-11-29 20:30,2024-11-29T17:30:00Z,+03:00,1732912200,18.3,21.8,64,1019,7.2,7,0,0,1,0,15,17.8,18.4,21.2,22,9650,timing,Lusail,lusail;losail;qatar
2024,23,Qatar Grand Prix,Lusail,Qatar,Sprint,2024-11-30 17:00,2024-11-30T14:00:00Z,+03:00,1732986000,21.1,25.6,53,1017.2,14.4,350,0,0,0,0,15,20.9,21.8,25,27.3,9654,timing,Lusail,lusail;losail;qatar
2024,23,Qatar Grand Prix,Lusail,Qatar,Qualifying,2024-11-30 21:00,2024-11-30T18:00:00Z,+03:00,1733000400,19,22,60,1017.7,7.9,352,0,0,0,0,15,18.5,19,21.4,22.1,9646,timing,Lusail,lusail;losail;qatar
2024,23,Qatar Grand Prix,Lusail,Qatar,Race,2024-12-01 19:00,2024-12-01T16:00:00Z,+03:00,1733079600,19.1,23.1,55,1015.5,7.2,8,0,0,0,0,15,18.2,19.7,21.9,23.8,9655,timing,Lusail,lusail;losail;qatar
2024,24,Abu Dhabi Grand Prix,Yas Marina Circuit,United Arab Emirates,Qualifying,2024-12-07 18:00,2024-12-07T14:00:00Z,+04:00,1733594400,25.9,30.2,65,1017.2,4.7,287,0,0,0,0,15,25.6,26,28.8,30.6,9658,timing,Abu Dhabi,yas;abu_dhabi;abudhabi
2024,24,Abu Dhabi Grand Prix,Yas Marina Circuit,United Arab Emirates,Race,2024-12-08 17:00,2024-12-08T13:00:00Z,+04:00,1733677200,27,32.1,49,1017.2,6.5,101,0,0,0,0,15,25.8,27.8,29.1,37.2,9662,timing,Abu Dhabi,yas;abu_dhabi;abudhabi
2025,1,Australian Grand Prix,Melbourne,Australia,Qualifying,2025-03-15 16:00,2025-03-15T05:00:00Z,+11:00,1742054400,30.7,39.3,51,1009.7,4.7,246,0,0,98,0,19,28.5,32.6,38.1,41.9,9689,timing,Melbourne,melbourne;albert;albertpark
2025,1,Australian Grand Prix,Melbourne,Australia,Race,2025-03-16 15:00,2025-03-16T04:00:00Z,+11:00,1742137200,15.3,18.9,78,1009.5,13.0,275,1,0.3,100,1.6,6,15.1,16.6,18.3,19.4,9693,timing,Melbourne,melbourne;albert;albertpark
2025,2,Chinese Grand Prix,Shanghai,China,Sprint Qualifying,2025-03-21 15:30,2025-03-21T07:30:00Z,+08:00,1742571000,24.8,38,14,1017.9,9.7,242,0,0,0,0,15,24.6,25,34.6,38.7,9989,timing,Shanghai,shanghai;china
2025,2,Chinese Grand Prix,Shanghai,China,Sprint,2025-03-22 11:00,2025-03-22T03:00:00Z,+08:00,1742641200,22.8,35.5,26,1018.7,6.8,230,0,0,0,0,15,21.8,24,33,37.5,9993,timing,Shanghai,shanghai;china
2025,2,Chinese Grand Prix,Shanghai,China,Qualifying,2025-03-22 15:00,2025-03-22T07:00:00Z,+08:00,1742655600,26.1,39.9,13,1015.3,7.6,224,0,0,0,0,15,25.9,26.5,36.1,41.1,9994,timing,Shanghai,shanghai;china
2025,2,Chinese Grand Prix,Shanghai,China,Race,2025-03-23 15:00,2025-03-23T07:00:00Z,+08:00,1742742000,27.3,35.9,18,1010.4,9.7,251,0,0,24,0,16,26.4,28.1,30.5,43,9998,timing,Shanghai,shanghai;china
2025,3,Japanese Grand Prix,Suzuka,Japan,Qualifying,2025-04-05 15:00,2025-04-05T06:00:00Z,+09:00,1743865200,14.8,33.9,57,1013.3,11.9,136,0,0,100,0,19,14.3,14.9,28.6,35.5,10002,timing,Suzuka,suzuka
2025,3,Japanese Grand Prix,Suzuka,Japan,Race,2025-04-06 14:00,2025-04-06T05:00:00Z,+09:00,1743948000,14.3,21.1,76,1009.5,4.0,290,0,0,28,0.5,16,14.2,14.7,19,23,10006,timing,Suzuka,suzuka
2025,4,Bahrain Grand Prix,Sakhir,Bahrain,Qualifying,2025-04-12 19:00,2025-04-12T16:00:00Z,+03:00,1744484400,26.3,31.2,59,1003.7,13.0,24,0,0,0,0,15,26.1,26.6,30.2,31.9,10010,timing,Bahrain,bahrain;sakhir
2025,4,Bahrain Grand Prix,Sakhir,Bahrain,Race,2025-04-13 18:00,2025-04-13T15:00:00Z,+03:00,1744567200,27.2,32.2,44,1008,9.7,29,0,0,16,0,16,26.6,27.9,30.2,34.8,10014,timing,Bahrain,bahrain;sakhir
2025,5,Saudi Arabian Grand Prix,Jeddah,Saudi Arabia,Qualifying,2025-04-19 20:00,2025-04-19T17:00:00Z,+03:00,1745092800,29.2,37.8,60,1006.1,4.7,279,0,0,0,0,15,28.7,31.4,35.7,38.3,10018,timing,Jeddah,jeddah;saudi
2025,5,Saudi Arabian Grand Prix,Jeddah,Saudi Arabia,Race,2025-04-20 20:00,2025-04-20T17:00:00Z,+03:00,1745179200,28.5,38.1,71,1006.5,3.2,291,0,0,0,0,15,28.3,31.7,35.9,39.4,10022,timing,Jeddah,jeddah;saudi
2025,6,Miami Grand Prix,Miami,United States,Sprint Qualifying,2025-05-02 16:30,2025-05-02T20:30:00Z,-04:00,1746203400,28.4,48.8,47,1015.8,10.8,122,0,0,40,0,17,27.9,28.8,43.8,50,10024,timing,Miami,miami
2025,6,Miami Grand Prix,Miami,United States,Sprint,2025-05-03 12:00,2025-05-03T16:00:00Z,-04:00,1746273600,23.6,31.1,84,1016,8.3,113,1,0.2,36,0.2,6,22.8,26.9,26.9,32.6,10028,timing,Miami,miami
2025,6,Miami Grand Prix,Miami,United States,Qualifying,2025-05-03 16:00,2025-05-03T20:00:00Z,-04:00,1746288000,28.5,45.7,61,1013.6,9.7,109,0,0,82,0.5,18,27.4,28.8,38.2,46.9,10029,timing,Miami,miami
2025,6,Miami Grand Prix,Miami,United States,Race,2025-05-04 16:00,2025-05-04T20:00:00Z,-04:00,1746374400,26.3,39.8,64,1012.5,2.5,323,0,0,65,0,18,25.9,28,34.8,45.2,10033,timing,Miami,miami
2025,7,Emilia Romagna Grand Prix,Imola,Italy,Qualifying,2025-05-17 16:00,2025-05-17T14:00:00Z,+02:00,1747497600,22.5,40.7,30,1008.6,7.2,294,0,0,29,0,16,22,23.3,36.3,41.6,9983,timing,Imola,imola
2025,7,Emilia Romagna Grand Prix,Imola,Italy,Race,2025-05-18 15:00,2025-05-18T13:00:00Z,+02:00,1747580400,24,45.1,39,1009.9,13.7,282,0,0,27,0,16,23.4,24.3,38.6,45.9,9987,timing,Imola,imola
2025,8,Monaco Grand Prix,Monte Carlo,Monaco,Qualifying,2025-05-24 16:00,2025-05-24T14:00:00Z,+02:00,1748102400,21,41.1,59,1015.1,2.5,247,0,0,33,0.1,17,20.7,21.7,37.2,42,9975,timing,Monaco,monaco;monte
2025,8,Monaco Grand Prix,Monte Carlo,Monaco,Race,2025-05-25 15:00,2025-05-25T13:00:00Z,+02:00,1748185200,21.9,43.9,51,1016.9,4.0,329,0,0,34,0,17,21.3,22.9,41.3,45.2,9979,timing,Monaco,monaco;monte
2025,9,Spanish Grand Prix,Catalunya,Spain,Qualifying,2025-05-31 16:00,2025-05-31T14:00:00Z,+02:00,1748707200,29.3,48.1,34,1005.6,6.1,202,0,0,53,0,17,28.2,29.5,41.1,48.8,9967,timing,Barcelona,barcelona;catalunya;montmelo
2025,9,Spanish Grand Prix,Catalunya,Spain,Race,2025-06-01 15:00,2025-06-01T13:00:00Z,+02:00,1748790000,29.6,49.5,50,1003,4.0,298,0,0,98,0,19,28.1,30,46.5,50.4,9971,timing,Barcelona,barcelona;catalunya;montmelo
2025,10,Canadian Grand Prix,Montreal,Canada,Qualifying,2025-06-14 16:00,2025-06-14T20:00:00Z,-04:00,1749916800,21.3,44.2,32,1019.1,9.4,26,0,0,53,0,17,21.1,21.5,41.1,45.4,9959,timing,Montreal,montreal;villeneuve;canada
2025,10,Canadian Grand Prix,Montreal,Canada,Race,2025-06-15 14:00,2025-06-15T18:00:00Z,-04:00,1749996000,23.4,49.8,29,1019,3.6,41,0,0,0,0,15,22.8,25.6,47,50.4,9963,timing,Montreal,montreal;villeneuve;canada
2025,11,Austrian Grand Prix,Spielberg,Austria,Qualifying,2025-06-28 16:00,2025-06-28T14:00:00Z,+02:00,1751126400,27.5,47.8,34,945.3,4.7,210,0,0,12,0,16,27,28.2,45.1,48.5,9951,timing,Red Bull Ring,spielberg;redbull;red_bull;rbr;austria
2025,11,Austrian Grand Prix,Spielberg,Austria,Race,2025-06-29 15:00,2025-06-29T13:00:00Z,+02:00,1751209200,30.2,50.4,33,943.6,4.0,290,0,0,66,0,18,29.1,31.3,45.7,51.9,9955,timing,Red Bull Ring,spielberg;redbull;red_bull;rbr;austria
2025,12,British Grand Prix,Silverstone,United Kingdom,Qualifying,2025-07-05 15:00,2025-07-05T14:00:00Z,+01:00,1751727600,19.2,25.8,77,995.1,14.4,209,0,0,100,0.2,19,19.2,21.6,25.1,31.2,9943,timing,Silverstone,silverstone
2025,12,British Grand Prix,Silverstone,United Kingdom,Race,2025-07-06 15:00,2025-07-06T14:00:00Z,+01:00,1751814000,18.1,26,82,988.7,3.6,340,1,0.2,21,2.4,6,16,19.6,20,29.6,9947,timing,Silverstone,silverstone
2025,13,Belgian Grand Prix,Spa-Francorchamps,Belgium,Sprint Qualifying,2025-07-25 16:30,2025-07-25T14:30:00Z,+02:00,1753461000,22,39.6,56,968.7,6.5,337,0,0,18,0.1,16,21.9,23.4,36,40.3,9930,timing,Spa,spa;francorchamps
2025,13,Belgian Grand Prix,Spa-Francorchamps,Belgium,Sprint,2025-07-26 12:00,2025-07-26T10:00:00Z,+02:00,1753531200,20.9,33.5,64,969.1,3.6,327,0,0,58,0,17,20.6,21.3,31,38.9,9934,timing,Spa,spa;francorchamps
2025,13,Belgian Grand Prix,Spa-Francorchamps,Belgium,Qualifying,2025-07-26 16:00,2025-07-26T14:00:00Z,+02:00,1753545600,22.3,37,56,967.9,5.0,332,0,0,60,0,18,22.2,23.3,35.9,40.1,9935,timing,Spa,spa;francorchamps
2025,13,Belgian Grand Prix,Spa-Francorchamps,Belgium,Race,2025-07-27 15:00,2025-07-27T13:00:00Z,+02:00,1753628400,17.1,23.9,89,965,5.4,323,1,0.5,100,0.1,6,14.5,19,20.7,27.6,9939,timing,Spa,spa;francorchamps
2025,14,Hungarian Grand Prix,Hungaroring,Hungary,Qualifying,2025-08-02 16:00,2025-08-02T14:00:00Z,+02:00,1754150400,29.3,47.7,34,983.3,6.8,165,0,0,100,2,19,25.4,29.8,35.8,53.2,9924,timing,Hungaroring,hungaroring;hungary
2025,14,Hungarian Grand Prix,Hungaroring,Hungary,Race,2025-08-03 15:00,2025-08-03T13:00:00Z,+02:00,1754233200,21.8,31.9,57,987.2,10.1,269,0,0,100,0,19,21.6,22.5,30.6,36.5,9928,timing,Hungaroring,hungaroring;hungary
2025,15,Dutch Grand Prix,Zandvoort,Netherlands,Qualifying,2025-08-30 15:00,2025-08-30T13:00:00Z,+02:00,1756566000,20.5,34.3,64,1006.1,13.7,204,0,0,50,0,17,20.4,20.8,33.7,34.6,9916,timing,Zandvoort,zandvoort
2025,15,Dutch Grand Prix,Zandvoort,Netherlands,Race,2025-08-31 15:00,2025-08-31T13:00:00Z,+02:00,1756652400,20.6,28.8,68,1006.3,5.4,208,0,0,100,0,19,19.4,20.7,25.6,29.3,9920,timing,Zandvoort,zandvoort
2025,16,Italian Grand Prix,Monza,Italy,Qualifying,2025-09-06 16:00,2025-09-06T14:00:00Z,+02:00,1757174400,26.4,44.2,36,998.8,5.0,129,0,0,57,0,17,26.2,26.9,40.9,44.8,9908,timing,Monza,monza
2025,16,Italian Grand Prix,Monza,Italy,Race,2025-09-07 15:00,2025-09-07T13:00:00Z,+02:00,1757257200,26.6,44.2,42,996.9,4.3,291,0,0,58,0,17,25.9,27.4,39.8,45.9,9912,timing,Monza,monza
2025,17,Azerbaijan Grand Prix,Baku,Azerbaijan,Qualifying,2025-09-20 16:00,2025-09-20T12:00:00Z,+04:00,1758384000,20.9,27.1,62,1013,7.9,102,0,0.2,68,0,18,20.1,21.6,23.7,28.6,9900,timing,Baku,baku;azerbaijan
2025,17,Azerbaijan Grand Prix,Baku,Azerbaijan,Race,2025-09-21 15:00,2025-09-21T11:00:00Z,+04:00,1758466800,20.6,26.7,60,1020.9,6.5,212,0,0,100,0,19,20.3,21.1,24,29,9904,timing,Baku,baku;azerbaijan
2025,18,Singapore Grand Prix,Singapore,Singapore,Qualifying,2025-10-04 21:00,2025-10-04T13:00:00Z,+08:00,1759611600,30,35.4,68,1011.1,5.8,158,0,0,100,0,19,29.6,30.2,34.3,35.8,9892,timing,Singapore,singapore;marina_bay;marinabay
2025,18,Singapore Grand Prix,Singapore,Singapore,Race,2025-10-05 20:00,2025-10-05T12:00:00Z,+08:00,1759694400,28.6,33.4,81,1010.7,2.2,176,0,0,84,0,18,28.5,29.5,32.5,38.8,9896,timing,Singapore,singapore;marina_bay;marinabay
2025,19,United States Grand Prix,Austin,United States,Sprint Qualifying,2025-10-17 16:30,2025-10-17T21:30:00Z,-05:00,1760718600,32.8,43.9,39,990.4,17.6,103,0,0,17,0,16,32,33,41.8,44.2,9879,timing,Austin (COTA),austin;cota;americas
2025,19,United States Grand Prix,Austin,United States,Sprint,2025-10-18 12:00,2025-10-18T17:00:00Z,-05:00,1760788800,29.7,43.4,57,991.9,6.8,75,0,0,10,0,16,28.9,30.9,40,44.6,9883,timing,Austin (COTA),austin;cota;americas
2025,19,United States Grand Prix,Austin,United States,Qualifying,2025-10-18 16:00,2025-10-18T21:00:00Z,-05:00,1760803200,33.8,47.6,36,989.5,6.1,87,0,0,82,0,18,33.5,34.3,43.3,48.1,9884,timing,Austin (COTA),austin;cota;americas
2025,19,United States Grand Prix,Austin,United States,Race,2025-10-19 14:00,2025-10-19T19:00:00Z,-05:00,1760882400,28,45,22,1001.2,6.8,272,0,0,0,0,15,26.4,29.3,42.1,46.3,9888,timing,Austin (COTA),austin;cota;americas
2025,20,Mexico City Grand Prix,Mexico City,Mexico,Qualifying,2025-10-25 15:00,2025-10-25T21:00:00Z,-06:00,1761404400,26.3,48.2,27,780.7,5.4,295,0,0,4,0,15,25.9,26.4,42,49.8,9873,timing,Mexico City,mexico;hermanos
2025,20,Mexico City Grand Prix,Mexico City,Mexico,Race,2025-10-26 14:00,2025-10-26T20:00:00Z,-06:00,1761487200,26.2,52.2,25,781,6.5,222,0,0,0,0,15,25.4,27.1,45.7,53.2,9877,timing,Mexico City,mexico;hermanos
2025,21,São Paulo Grand Prix,Interlagos,Brazil,Sprint Qualifying,2025-11-07 15:30,2025-11-07T18:30:00Z,-03:00,1762529400,19.1,41.3,72,920.4,4.3,173,0,0,100,0,19,17.9,19.4,33.5,43.7,9860,timing,Interlagos,interlagos;sao_paulo;saopaulo;brazil
2025,21,São Paulo Grand Prix,Interlagos,Brazil,Sprint,2025-11-08 11:00,2025-11-08T14:00:00Z,-03:00,1762599600,22.7,25.5,75,919.4,6.8,36,0,0,100,0.1,19,22.4,23.6,24.4,29.8,9864,timing,Interlagos,interlagos;sao_paulo;saopaulo;brazil
2025,21,São Paulo Grand Prix,Interlagos,Brazil,Qualifying,2025-11-08 15:00,2025-11-08T18:00:00Z,-03:00,1762614000,26,43.3,56,918.3,5.4,21,0,0,100,0,19,25.4,26.3,36.1,48.5,9865,timing,Interlagos,interlagos;sao_paulo;saopaulo;brazil
2025,21,São Paulo Grand Prix,Interlagos,Brazil,Race,2025-11-09 14:00,2025-11-09T17:00:00Z,-03:00,1762696800,17.5,30.7,70,929.8,4.7,146,0,0,79,0,18,16.6,18,29.3,32.8,9869,timing,Interlagos,interlagos;sao_paulo;saopaulo;brazil
2025,22,Las Vegas Grand Prix,Las Vegas,United States,Qualifying,2025-11-21 20:00,2025-11-22T04:00:00Z,-08:00,1763755200,11.7,12.8,66,945.8,5.8,169,1,0.4,100,0.2,6,11.6,11.9,12,12.9,9854,timing,Las Vegas,vegas
2025,22,Las Vegas Grand Prix,Las Vegas,United States,Race,2025-11-22 20:00,2025-11-23T04:00:00Z,-08:00,1763841600,16.8,23.8,38,942,4.3,180,0,0,80,0,18,16.3,17.2,16.7,29.5,9858,timing,Las Vegas,vegas
2025,23,Qatar Grand Prix,Lusail,Qatar,Sprint Qualifying,2025-11-28 20:30,2025-11-28T17:30:00Z,+03:00,1764361800,21.6,26.2,65,1017.8,3.6,347,0,0,0,0,15,21.4,21.8,25.3,26.5,9841,timing,Lusail,lusail;losail;qatar
2025,23,Qatar Grand Prix,Lusail,Qatar,Sprint,2025-11-29 17:00,2025-11-29T14:00:00Z,+03:00,1764435600,25,31.4,50,1015.4,8.6,347,0,0,0,0,15,24.4,26,30.2,32.6,9845,timing,Lusail,lusail;losail;qatar
2025,23,Qatar Grand Prix,Lusail,Qatar,Qualifying,2025-11-29 21:00,2025-11-29T18:00:00Z,+03:00,1764450000,20.7,26,75,1016.6,3.2,5,0,0,0,0,15,20.1,21,24.6,26.3,9846,timing,Lusail,lusail;losail;qatar
2025,23,Qatar Grand Prix,Lusail,Qatar,Race,2025-11-30 19:00,2025-11-30T16:00:00Z,+03:00,1764529200,22.7,28.5,68,1016.1,4.7,345,0,0,0,0,15,21.6,23.7,25.2,29.8,9850,timing,Lusail,lusail;losail;qatar
2025,24,Abu Dhabi Grand Prix,Yas Marina Circuit,United Arab Emirates,Qualifying,2025-12-06 18:00,2025-12-06T14:00:00Z,+04:00,1765044000,25.2,29.6,76,1017.1,5.8,293,0,0,0,0,15,24.9,25.2,28.5,29.9,9835,timing,Abu Dhabi,yas;abu_dhabi;abudhabi
2025,24,Abu Dhabi Grand Prix,Yas Marina Circuit,United Arab Emirates,Race,2025-12-07 17:00,2025-12-07T13:00:00Z,+04:00,1765126800,26.9,31.4,59,1016.5,6.5,331,0,0,0,0,15,25.9,27.5,28.7,34.6,9839,timing,Abu Dhabi,yas;abu_dhabi;abudhabi
2026,1,Australian Grand Prix,Melbourne,Australia,Qualifying,2026-03-07 16:00,2026-03-07T05:00:00Z,+11:00,1772899200,20.5,37.4,65.6,1013.5,8.3,97,0,0,100,0,19,20.3,20.6,31.1,37.8,11230,timing,Melbourne,melbourne;albert;albertpark
2026,1,Australian Grand Prix,Melbourne,Australia,Race,2026-03-08 15:00,2026-03-08T04:00:00Z,+11:00,1772982000,24,36.1,54.1,1012.9,7.2,117,0,0,8,0,15,23.1,25.3,33.3,39.1,11234,timing,Melbourne,melbourne;albert;albertpark
2026,2,Chinese Grand Prix,Shanghai,China,Sprint Qualifying,2026-03-13 15:30,2026-03-13T07:30:00Z,+08:00,1773415800,16.4,29.6,23,1026.6,5.4,81,0,0,0,0,15,15.7,16.9,25.3,30.9,11236,timing,Shanghai,shanghai;china
2026,2,Chinese Grand Prix,Shanghai,China,Sprint,2026-03-14 11:00,2026-03-14T03:00:00Z,+08:00,1773486000,14.9,13.4,50.1,1026.7,14.4,57,0,0,0,0,15,13.9,15.7,12.2,22.7,11240,timing,Shanghai,shanghai;china
2026,2,Chinese Grand Prix,Shanghai,China,Qualifying,2026-03-14 15:00,2026-03-14T07:00:00Z,+08:00,1773500400,17.8,32,34.5,1023.5,11.2,60,0,0,0,0,15,17.5,18.3,29.3,32.5,11241,timing,Shanghai,shanghai;china
2026,2,Chinese Grand Prix,Shanghai,China,Race,2026-03-15 15:00,2026-03-15T07:00:00Z,+08:00,1773586800,15.7,23.3,54.6,1024.4,9.0,91,0,0,100,0,19,14.9,16.4,19.7,27.6,11245,timing,Shanghai,shanghai;china
2026,3,Japanese Grand Prix,Suzuka,Japan,Qualifying,2026-03-28 15:00,2026-03-28T06:00:00Z,+09:00,1774710000,16.5,31.5,56.7,1008.8,7.9,132,0,0,98,0,19,16.3,16.9,26.1,32.7,11249,timing,Suzuka,suzuka
2026,3,Japanese Grand Prix,Suzuka,Japan,Race,2026-03-29 14:00,2026-03-29T05:00:00Z,+09:00,1774792800,18.8,36.6,53,1011.8,7.6,123,0,0,100,0,19,17.3,19.5,29.2,38.3,11253,timing,Suzuka,suzuka
2026,4,Miami Grand Prix,Miami,United States,Sprint Qualifying,2026-05-01 16:30,2026-05-01T20:30:00Z,-04:00,1777653000,30.7,53.3,52.6,1010.3,11.5,110,0,0,9,0,15,30,31,49.1,54.8,11271,timing,Miami,miami
2026,4,Miami Grand Prix,Miami,United States,Sprint,2026-05-02 12:00,2026-05-02T16:00:00Z,-04:00,1777723200,31.9,53.1,50.2,1012,1.4,314,0,0,27,0.4,16,31.3,32.4,44.1,53.4,11275,timing,Miami,miami
2026,4,Miami Grand Prix,Miami,United States,Qualifying,2026-05-02 16:00,2026-05-02T20:00:00Z,-04:00,1777737600,33.9,52.2,31.1,1010.4,15.5,305,0,0,71,0,18,33.7,34.1,49.3,54.2,11276,timing,Miami,miami
2026,4,Miami Grand Prix,Miami,United States,Race,2026-05-03 13:00,2026-05-03T17:00:00Z,-04:00,1777813200,26.6,36.2,71.8,1015.9,2.2,329,0,0,100,0.3,19,25.7,28.1,33.5,42.3,11280,timing,Miami,miami
2026,5,Canadian Grand Prix,Montreal,Canada,Sprint Qualifying,2026-05-22 16:30,2026-05-22T20:30:00Z,-04:00,1779467400,19.7,41.9,24.4,1026.2,6.5,184,0,0,7,0,15,19.6,20.6,39.6,42.4,11282,timing,Montreal,montreal;villeneuve;canada
2026,5,Canadian Grand Prix,Montreal,Canada,Sprint,2026-05-23 12:00,2026-05-23T16:00:00Z,-04:00,1779537600,20,32.1,25.1,1030.7,5.0,256,0,0,100,0,19,19.6,20.5,29.5,33.2,11286,timing,Montreal,montreal;villeneuve;canada
2026,5,Canadian Grand Prix,Montreal,Canada,Qualifying,2026-05-23 16:00,2026-05-23T20:00:00Z,-04:00,1779552000,21.2,31.1,24.1,1028.8,2.5,212,0,0,100,0,19,20.9,22,29.8,31.5,11287,timing,Montreal,montreal;villeneuve;canada
2026,5,Canadian Grand Prix,Montreal,Canada,Race,2026-05-24 16:00,2026-05-24T20:00:00Z,-04:00,1779638400,12.5,17.1,77.4,1024.5,9.0,193,0,0,100,0,19,12.1,13.7,16.3,19.1,11291,timing,Montreal,montreal;villeneuve;canada
2026,6,Monaco Grand Prix,Monte Carlo,Monaco,Qualifying,2026-06-06 16:00,2026-06-06T14:00:00Z,+02:00,1780761600,24.2,46.6,52.3,1017.6,2.5,189,0,0,65,0,18,23,24.5,32.3,47.4,11295,timing,Monaco,monaco;monte
2026,6,Monaco Grand Prix,Monte Carlo,Monaco,Race,2026-06-07 15:00,2026-06-07T13:00:00Z,+02:00,1780844400,23.7,42.2,61.5,1021.7,3.2,288,0,0,39,0,17,22.6,24.5,28.1,46,11299,timing,Monaco,monaco;monte
2026,7,Barcelona Grand Prix,Catalunya,Spain,Qualifying,2026-06-13 16:00,2026-06-13T14:00:00Z,+02:00,1781366400,30.6,51,30.8,1006.5,9.4,120,0,0,66,0,18,30.3,31.4,48.1,51.9,11303,timing,Barcelona,barcelona;catalunya;montmelo
2026,7,Barcelona Grand Prix,Catalunya,Spain,Race,2026-06-14 15:00,2026-06-14T13:00:00Z,+02:00,1781449200,30.7,51.1,29.3,1000.6,10.1,122,0,0,33,0,17,29.8,31.1,48.4,52.3,11307,timing,Barcelona,barcelona;catalunya;montmelo
2026,8,Austrian Grand Prix,Spielberg,Austria,Qualifying,2026-06-27 16:00,2026-06-27T14:00:00Z,+02:00,1782576000,33.2,52.5,25.5,943.1,4.7,273,0,0,31,0,17,32.5,33.7,50.7,53.5,11311,timing,Red Bull Ring,spielberg;redbull;red_bull;rbr;austria
2026,8,Austrian Grand Prix,Spielberg,Austria,Race,2026-06-28 15:00,2026-06-28T13:00:00Z,+02:00,1782658800,34.6,49.4,29.9,941.4,5.4,349,0,0,99,0.1,19,33.4,35.1,42.6,53.3,11315,timing,Red Bull Ring,spielberg;redbull;red_bull;rbr;austria
2026,9,British Grand Prix,Silverstone,United Kingdom,Sprint Qualifying,2026-07-03 16:30,2026-07-03T15:30:00Z,+01:00,1783096200,25.4,41.5,34,1009.9,13.3,261,0,0,45,0,17,24.4,26.2,39.3,43.6,11317,timing,Silverstone,silverstone
2026,9,British Grand Prix,Silverstone,United Kingdom,Sprint,2026-07-04 12:00,2026-07-04T11:00:00Z,+01:00,1783166400,22.7,37.7,53.5,1008.6,6.5,237,0,0,87,0,18,21.4,24.3,31.8,40.8,11321,timing,Silverstone,silverstone
2026,9,British Grand Prix,Silverstone,United Kingdom,Qualifying,2026-07-04 16:00,2026-07-04T15:00:00Z,+01:00,1783180800,25.1,39.9,49.3,1007.7,9.4,242,0,0,61,0,18,24.9,25.9,38.2,44.4,11322,timing,Silverstone,silverstone
2026,9,British Grand Prix,Silverstone,United Kingdom,Race,2026-07-05 15:00,2026-07-05T14:00:00Z,+01:00,1783263600,24.5,41.1,50.3,1006.6,5.4,226,0,0,73,0,18,22.8,26.1,37.5,43.8,11326,timing,Silverstone,silverstone
2026,10,Belgian Grand Prix,Spa-Francorchamps,Belgium,Qualifying,2026-07-18 16:00,2026-07-18T14:00:00Z,+02:00,1784390400,21.8,37.9,54.5,968.3,9.0,325,0,0,100,0,19,19.8,22.5,33.7,39.3,11330,timing,Spa,spa;francorchamps
2026,10,Belgian Grand Prix,Spa-Francorchamps,Belgium,Race,2026-07-19 15:00,2026-07-19T13:00:00Z,+02:00,1784473200,17.1,28.8,52.6,973,8.3,316,0,0,70,0,18,16.7,19.3,26.1,37,11334,timing,Spa,spa;francorchamps
2026,11,Hungarian Grand Prix,Hungaroring,Hungary,Qualifying,2026-07-25 16:00,2026-07-25T14:00:00Z,+02:00,1784995200,26.7,48.7,22.8,984.3,7.2,142,0,0,80,0,18,26.4,27.2,42,50.5,11338,timing,Hungaroring,hungaroring;hungary
2026,11,Hungarian Grand Prix,Hungaroring,Hungary,Race,2026-07-26 15:00,2026-07-26T13:00:00Z,+02:00,1785078000,30.4,52.1,25.4,980.2,9.7,114,0,0,48,0,17,29.6,31.6,44.2,53.2,11342,timing,Hungaroring,hungaroring;hungary
2026,12,Dutch Grand Prix,Zandvoort,Netherlands,Sprint Qualifying,2026-08-21 16:30,2026-08-21T14:30:00Z,+02:00,1787329800,19.7,35.5,55,1011.2,7.6,49,0,0,100,0,19,18.9,20,30,36.5,11344,timing,Zandvoort,zandvoort
2026,12,Dutch Grand Prix,Zandvoort,Netherlands,Sprint,2026-08-22 12:00,2026-08-22T10:00:00Z,+02:00,1787400000,18,26,61.9,1019.1,10.4,38,1,0.1,61,0.3,7,17.1,18.4,22.4,30,11348,timing,Zandvoort,zandvoort
2026,12,Dutch Grand Prix,Zandvoort,Netherlands,Qualifying,2026-08-22 16:00,2026-08-22T14:00:00Z,+02:00,1787414400,18.4,34.1,55.4,1020.8,7.2,42,1,0.1,97,0,6,17.5,18.7,29.7,35.9,11349,timing,Zandvoort,zandvoort
2026,12,Dutch Grand Prix,Zandvoort,Netherlands,Race,2026-08-23 15:00,2026-08-23T13:00:00Z,+02:00,1787497200,17.9,30.5,61.3,1024.7,3.6,62,0,0.2,62,0,18,16.6,19.5,25.8,38.2,11353,timing,Zandvoort,zandvoort
2026,13,Italian Grand Prix,Monza,Italy,Qualifying,2026-09-05 16:00,2026-09-05T14:00:00Z,+02:00,1788624000,34.1,55,34.1,994.8,5.8,234,0,0,56,0,17,33.6,34.2,51.3,56.2,11357,timing,Monza,monza
2026,13,Italian Grand Prix,Monza,Italy,Race,2026-09-06 15:00,2026-09-06T13:00:00Z,+02:00,1788706800,32,55.9,39.3,1000.6,2.9,180,0,0,0,0,15,31.4,32.9,51.1,57.1,11361,timing,Monza,monza
2026,14,Spanish Grand Prix,Madring,Spain,Qualifying,2026-09-12 16:00,2026-09-12T14:00:00Z,+02:00,1789228800,30.6,54.3,18.9,943.1,2.9,52,0,0,0,0,15,30.1,31.4,52.4,55,11365,timing,Madrid,madring;madrid
2026,14,Spanish Grand Prix,Madring,Spain,Race,2026-09-13 15:00,2026-09-13T13:00:00Z,+02:00,1789311600,30.3,53.6,24,945.5,3.2,303,0,0,0,0,15,28.7,31.7,49.6,54.9,11369,timing,Madrid,madring;madrid
2026,15,Azerbaijan Grand Prix,Baku,Azerbaijan,Qualifying,2026-09-25 16:00,2026-09-25T12:00:00Z,+04:00,1790352000,24.7,40.3,68,1023.9,5.8,27,0,0,65,0,18,23.9,24.8,34.5,41.3,11373,timing,Baku,baku;azerbaijan
2026,15,Azerbaijan Grand Prix,Baku,Azerbaijan,Race,2026-09-26 15:00,2026-09-26T11:00:00Z,+04:00,1790434800,26.4,45.8,59.3,1023,4.3,49,0,0,12,0,16,26,26.6,,48.1,11377,timing,Baku,baku;azerbaijan
2026,16,Bahrain Grand Prix,Kuala Lumpur,Bahrain,Qualifying,2026-10-03 16:00,2026-10-03T08:00:00Z,+08:00,1791043200,32.8,57.5,50.5,1006.7,5.0,302,0,0.0,88,0.2,19,32.3,33.1,,59.0,11730,timing,Sepang,sepang;malaysia;kuala
2026,16,Bahrain Grand Prix,Kuala Lumpur,Bahrain,Race,2026-10-04 15:00,2026-10-04T07:00:00Z,+08:00,1791126000,25.3,34.3,89.5,1007.7,3.2,13,1,0.3,94,0.9,7,25.1,31.0,,45.9,11731,timing,Sepang,sepang;malaysia;kuala
2026,17,Singapore Grand Prix,Singapore,Singapore,Sprint Qualifying,2026-10-09 20:30,2026-10-09T12:30:00Z,+08:00,1791577800,28.8,33.1,73,1009.3,2.1,290,0,,20,0,16,,,,,11379,forecast,Singapore,singapore;marina_bay;marinabay
2026,17,Singapore Grand Prix,Singapore,Singapore,Sprint,2026-10-10 17:00,2026-10-10T09:00:00Z,+08:00,1791651600,29.0,39.8,72,1006.1,7.8,187,0,,89,0,19,,,,,11383,forecast,Singapore,singapore;marina_bay;marinabay
2026,17,Singapore Grand Prix,Singapore,Singapore,Qualifying,2026-10-10 21:00,2026-10-10T13:00:00Z,+08:00,1791666000,26.7,31.0,86,1010.1,12.3,232,0,,95,0.4,19,,,,,11384,forecast,Singapore,singapore;marina_bay;marinabay
2026,17,Singapore Grand Prix,Singapore,Singapore,Race,2026-10-11 20:00,2026-10-11T12:00:00Z,+08:00,1791748800,26.7,31.0,85,1009.3,4.6,77,0,,89,0,19,,,,,11388,forecast,Singapore,singapore;marina_bay;marinabay
